,id,price,escrowPubkey,owner,collectionName,collectionTitle,img,imgCDN,title,content,externalURL,propertyCategory,creators,sellerFeeBasisPoints,mintAddress,attributes,properties,supply,updateAuthority,primarySaleHappened,onChainCollection,tokenDelegateValid,v2,rarity
0,53WFz492krKrpvVSep5YjssqMCbS7hRw3JJqo6f8acwU,254.0,DndPoucKKif5kbnmjj8A4azJSj5f4hLJsWrrUBNEntrg,6CkoU4m27Lw3yyUugj116DthmrbNhmRgsC4jMCiRUchj,solana_monkey_business,Solana Monkey Business,https://arweave.net/EUsUdJTci0peLxLBbXbAQ5jDGGyvxGABVMUc2bJYVUM,https://cdn.solanamonkey.business/gen2/3090.png,SMB #3090,SMB is a collection of 5000 randomly generated 24x24 pixels NFTs on the Solana Blockchain. Each SolanaMonkey is unique and comes with different type and attributes varying in rarity.,https://solanamonkey.business/,image,"[{'address': '9uBX3ASjxWvNBAD1xjbVaKA74mWGZys3RGSF7DdeDD3F', 'verified': 1, 'share': 100}]",600,7BZGsRNuNnoYkwbmGAejzdfGQzyELCmtycL8uHkpS1Nv,"[{'trait_type': 'Attributes Count', 'value': 3}, {'trait_type': 'Type', 'value': 'Red'}, {'trait_type': 'Clothes', 'value': 'Sailor Vest'}, {'trait_type': 'Ears', 'value': 'None'}, {'trait_type': 'Mouth', 'value': 'Mask'}, {'trait_type': 'Eyes', 'value': 'None'}, {'trait_type': 'Hat', 'value': 'White Fedora 1'}]","{'files': [{'uri': 'https://arweave.net/EUsUdJTci0peLxLBbXbAQ5jDGGyvxGABVMUc2bJYVUM', 'type': 'image/png'}, {'uri': 'https://cdn.solanamonkey.business/gen2/3090.png', 'type': 'image/png', 'cdn': True}], 'category': 'image', 'creators': [{'address': '9uBX3ASjxWvNBAD1xjbVaKA74mWGZys3RGSF7DdeDD3F', 'verified': True, 'share': 100}]}",1,9uBX3ASjxWvNBAD1xjbVaKA74mWGZys3RGSF7DdeDD3F,1,"{'verified': 1, 'key': 'SMBH3wF6baUj6JWtzYvqcKuj2XCKWDqQxzspY12xPND', 'data': {'name': 'SMB Gen2', 'image': 'https://arweave.net/lZ5FdIVagNoNvI4QFoHhB6Xyn4oVGLV9xOTW32WBC20', 'description': 'SMB is a collection of 5000 randomly generated 24x24 pixels NFTs on the Solana Blockchain. Each SolanaMonkey is unique and comes with different type and attributes varying in rarity.'}}",False,"{'auctionHouseKey': 'E8cU1WiRWjanGxmn96ewBgk9vPTcL6AEZ1t6F6fkgUWe', 'sellerReferral': 'autMW8SgBkVYeBgqYiTuJZnkvDZMVU2MHJh9Jh7CSQ2', 'expiry': -1}","{'moonrank': {'rank': 890}, 'howrare': {'rank': 1266}}"
1,1253VNE1gjbBTfbXny63b3R5m3ip3Lrosqhz5GEKvnQY,255.0,HxMSdPE5Mki84aXHYbkSfpaf9bowF7dz2CUXeraLQXSq,7Y2S3qvPhiBd6zCW5b2bu1W4yZ5pMF7z2vqxkt8zEGrB,solana_monkey_business,Solana Monkey Business,https://arweave.net/f4fk_OAHsEUeLpq716CYnUHzc7xg6pg49jvK6waIAkA,https://cdn.solanamonkey.business/gen2/3739.png,SMB #3739,SMB is a collection of 5000 randomly generated 24x24 pixels NFTs on the Solana Blockchain. Each SolanaMonkey is unique and comes with different type and attributes varying in rarity.,https://solanamonkey.business/,image,"[{'address': '9uBX3ASjxWvNBAD1xjbVaKA74mWGZys3RGSF7DdeDD3F', 'verified': 1, 'share': 100}]",600,EidjpaBBBj7xmoYtJ21BKJa9Hd1Xu6EzY6bnRChsTmA3,"[{'trait_type': 'Attributes Count', 'value': 3}, {'trait_type': 'Type', 'value': 'Orange'}, {'trait_type': 'Clothes', 'value': 'Red Shirt'}, {'trait_type': 'Ears', 'value': 'None'}, {'trait_type': 'Mouth', 'value': 'Mask'}, {'trait_type': 'Eyes', 'value': 'None'}, {'trait_type': 'Hat', 'value': 'Blue Cap'}]","{'files': [{'uri': 'https://arweave.net/f4fk_OAHsEUeLpq716CYnUHzc7xg6pg49jvK6waIAkA', 'type': 'image/png'}, {'uri': 'https://cdn.solanamonkey.business/gen2/3739.png', 'type': 'image/png', 'cdn': True}], 'category': 'image', 'creators': [{'address': '9uBX3ASjxWvNBAD1xjbVaKA74mWGZys3RGSF7DdeDD3F', 'verified': True, 'share': 100}]}",1,9uBX3ASjxWvNBAD1xjbVaKA74mWGZys3RGSF7DdeDD3F,1,"{'verified': 1, 'key': 'SMBH3wF6baUj6JWtzYvqcKuj2XCKWDqQxzspY12xPND', 'data': {'name': 'SMB Gen2', 'image': 'https://arweave.net/lZ5FdIVagNoNvI4QFoHhB6Xyn4oVGLV9xOTW32WBC20', 'description': 'SMB is a collection of 5000 randomly generated 24x24 pixels NFTs on the Solana Blockchain. Each SolanaMonkey is unique and comes with different type and attributes varying in rarity.'}}",False,"{'auctionHouseKey': 'E8cU1WiRWjanGxmn96ewBgk9vPTcL6AEZ1t6F6fkgUWe', 'sellerReferral': 'autMW8SgBkVYeBgqYiTuJZnkvDZMVU2MHJh9Jh7CSQ2', 'expiry': -1}",{'moonrank': {'rank': 1892}}
2,GgVv4mgHV6YKbQSFwqRiQbcbCjbq6eUK1eufLEXfrqGb,267.0,CvZc1QWDiLEeTUfWwGfTxs8GWtMv8uopdq1gdfagNqcq,6CkoU4m27Lw3yyUugj116DthmrbNhmRgsC4jMCiRUchj,solana_monkey_business,Solana Monkey Business,https://arweave.net/K0k3s12PODVAcORi7LaeT8Ryv0s23R49m9f25eeJNGE,https://cdn.solanamonkey.business/gen2/659.png,SMB #659,SMB is a collection of 5000 randomly generated 24x24 pixels NFTs on the Solana Blockchain. Each SolanaMonkey is unique and comes with different type and attributes varying in rarity.,https://solanamonkey.business/,image,"[{'address': '9uBX3ASjxWvNBAD1xjbVaKA74mWGZys3RGSF7DdeDD3F', 'verified': 1, 'share': 100}]",600,GBTz8ry2XKnvTshAA7oqtZfPPBm3ZsLxtEDQsj9qf2JB,"[{'trait_type': 'Attributes Count', 'value': 2}, {'trait_type': 'Type', 'value': 'Orange'}, {'trait_type': 'Clothes', 'value': 'Green Jacket'}, {'trait_type': 'Ears', 'value': 'None'}, {'trait_type': 'Mouth', 'value': 'None'}, {'trait_type': 'Eyes', 'value': 'None'}, {'trait_type': 'Hat', 'value': 'Black Cap'}]","{'files': [{'uri': 'https://arweave.net/K0k3s12PODVAcORi7LaeT8Ryv0s23R49m9f25eeJNGE', 'type': 'image/png'}, {'uri': 'https://cdn.solanamonkey.business/gen2/659.png', 'type': 'image/png', 'cdn': True}], 'category': 'image', 'creators': [{'address': '9uBX3ASjxWvNBAD1xjbVaKA74mWGZys3RGSF7DdeDD3F', 'verified': True, 'share': 100}]}",1,9uBX3ASjxWvNBAD1xjbVaKA74mWGZys3RGSF7DdeDD3F,1,"{'verified': 1, 'key': 'SMBH3wF6baUj6JWtzYvqcKuj2XCKWDqQxzspY12xPND', 'data': {'name': 'SMB Gen2', 'image': 'https://arweave.net/lZ5FdIVagNoNvI4QFoHhB6Xyn4oVGLV9xOTW32WBC20', 'description': 'SMB is a collection of 5000 randomly generated 24x24 pixels NFTs on the Solana Blockchain. Each SolanaMonkey is unique and comes with different type and attributes varying in rarity.'}}",False,"{'auctionHouseKey': 'E8cU1WiRWjanGxmn96ewBgk9vPTcL6AEZ1t6F6fkgUWe', 'sellerReferral': 'autMW8SgBkVYeBgqYiTuJZnkvDZMVU2MHJh9Jh7CSQ2', 'expiry': -1}","{'moonrank': {'rank': 3485}, 'howrare': {'rank': 2403}}"
3,4R8hM75jFNfP15v6Kcp2pb1RR7rrVUyGe4y2vrgVRcZ7,267.0,DQSGaytUepktcJzYagKQagZc4xr9tHEmSRggCFVXVTGZ,6CkoU4m27Lw3yyUugj116DthmrbNhmRgsC4jMCiRUchj,solana_monkey_business,Solana Monkey Business,https://arweave.net/oGhiX3jxVl9k_YrgLpb1nsFiOPBAzfQ6CZt14p97Z4A,https://cdn.solanamonkey.business/gen2/1357.png,SMB #1357,SMB is a collection of 5000 randomly generated 24x24 pixels NFTs on the Solana Blockchain. Each SolanaMonkey is unique and comes with different type and attributes varying in rarity.,https://solanamonkey.business/,image,"[{'address': '9uBX3ASjxWvNBAD1xjbVaKA74mWGZys3RGSF7DdeDD3F', 'verified': 1, 'share': 100}]",600,FYG5MeWRAxcRYxMXKHDwdT7atTJmwP7tyVjJpmAjokq5,"[{'trait_type': 'Attributes Count', 'value': 2}, {'trait_type': 'Type', 'value': 'Red'}, {'trait_type': 'Clothes', 'value': 'Blue Shirt'}, {'trait_type': 'Ears', 'value': 'None'}, {'trait_type': 'Mouth', 'value': 'None'}, {'trait_type': 'Eyes', 'value': 'None'}, {'trait_type': 'Hat', 'value': 'Protagonist White Hat'}]","{'files': [{'uri': 'https://arweave.net/oGhiX3jxVl9k_YrgLpb1nsFiOPBAzfQ6CZt14p97Z4A', 'type': 'image/png'}, {'uri': 'https://cdn.solanamonkey.business/gen2/1357.png', 'type': 'image/png', 'cdn': True}], 'category': 'image', 'creators': [{'address': '9uBX3ASjxWvNBAD1xjbVaKA74mWGZys3RGSF7DdeDD3F', 'verified': True, 'share': 100}]}",1,9uBX3ASjxWvNBAD1xjbVaKA74mWGZys3RGSF7DdeDD3F,1,"{'verified': 1, 'key': 'SMBH3wF6baUj6JWtzYvqcKuj2XCKWDqQxzspY12xPND', 'data': {'name': 'SMB Gen2', 'image': 'https://arweave.net/lZ5FdIVagNoNvI4QFoHhB6Xyn4oVGLV9xOTW32WBC20', 'description': 'SMB is a collection of 5000 randomly generated 24x24 pixels NFTs on the Solana Blockchain. Each SolanaMonkey is unique and comes with different type and attributes varying in rarity.'}}",False,"{'auctionHouseKey': 'E8cU1WiRWjanGxmn96ewBgk9vPTcL6AEZ1t6F6fkgUWe', 'sellerReferral': 'autMW8SgBkVYeBgqYiTuJZnkvDZMVU2MHJh9Jh7CSQ2', 'expiry': -1}","{'moonrank': {'rank': 3947}, 'howrare': {'rank': 2418}}"
4,3ME9YRoiSVEAz8RA53bf4ApxB1iWafkfQMqZwYpZ29cA,267.0,CXckQs4wxxztQrCSZ5GLWnQPCrv6cBNqCTPam5hRM7bY,kXsgQVop8DkL75AfPG8Zrx7WyoYaKcZpC3L9hePzVXq,solana_monkey_business,Solana Monkey Business,https://arweave.net/e9zJpIjvPr0-71CNdTw3BS7fUDNwZm8_Q-tYB1APNi8,https://cdn.solanamonkey.business/gen2/4641.png,SMB #4641,SMB is a collection of 5000 randomly generated 24x24 pixels NFTs on the Solana Blockchain. Each SolanaMonkey is unique and comes with different type and attributes varying in rarity.,https://solanamonkey.business/,image,"[{'address': '9uBX3ASjxWvNBAD1xjbVaKA74mWGZys3RGSF7DdeDD3F', 'verified': 1, 'share': 100}]",600,953G5ohCTFsufzbgWkVggXwyaWubuR1BCdAk3xfpYas2,"[{'trait_type': 'Attributes Count', 'value': 2}, {'trait_type': 'Type', 'value': 'Purple'}, {'trait_type': 'Clothes', 'value': 'Green Smoking'}, {'trait_type': 'Ears', 'value': 'Silver Earring'}, {'trait_type': 'Mouth', 'value': 'None'}, {'trait_type': 'Eyes', 'value': 'None'}, {'trait_type': 'Hat', 'value': 'None'}]","{'files': [{'uri': 'https://arweave.net/e9zJpIjvPr0-71CNdTw3BS7fUDNwZm8_Q-tYB1APNi8', 'type': 'image/png'}, {'uri': 'https://cdn.solanamonkey.business/gen2/4641.png', 'type': 'image/png', 'cdn': True}], 'category': 'image', 'creators': [{'address': '9uBX3ASjxWvNBAD1xjbVaKA74mWGZys3RGSF7DdeDD3F', 'verified': True, 'share': 100}]}",1,9uBX3ASjxWvNBAD1xjbVaKA74mWGZys3RGSF7DdeDD3F,1,"{'verified': 1, 'key': 'SMBH3wF6baUj6JWtzYvqcKuj2XCKWDqQxzspY12xPND', 'data': {'name': 'SMB Gen2', 'image': 'https://arweave.net/lZ5FdIVagNoNvI4QFoHhB6Xyn4oVGLV9xOTW32WBC20', 'description': 'SMB is a collection of 5000 randomly generated 24x24 pixels NFTs on the Solana Blockchain. Each SolanaMonkey is unique and comes with different type and attributes varying in rarity.'}}",False,"{'auctionHouseKey': 'E8cU1WiRWjanGxmn96ewBgk9vPTcL6AEZ1t6F6fkgUWe', 'sellerReferral': 'autMW8SgBkVYeBgqYiTuJZnkvDZMVU2MHJh9Jh7CSQ2', 'expiry': -1}","{'howrare': {'rank': 4453}, 'moonrank': {'rank': 3436}}"
5,9FurYN7C7ToPxdqa5YieVGV3GXjyotTVuJ8xJsPs7CqG,268.0,4kE5kyBgw6qhJRgz5x5pavxReev9BmYaZywvdH5fXYvG,8XPehFjtxY1hbXdD1S5tyACQ4HfWw6nNSU5GTapkHUaV,solana_monkey_business,Solana Monkey Business,https://arweave.net/sEt8L5klG68wdJDodA85Y6fLiM1qPmqq2Mbb2ER3qI0,https://cdn.solanamonkey.business/gen2/2315.png,SMB #2315,SMB is a collection of 5000 randomly generated 24x24 pixels NFTs on the Solana Blockchain. Each SolanaMonkey is unique and comes with different type and attributes varying in rarity.,https://solanamonkey.business/,image,"[{'address': '9uBX3ASjxWvNBAD1xjbVaKA74mWGZys3RGSF7DdeDD3F', 'verified': 1, 'share': 100}]",600,6cX8Mhvfkj8euqUzTdAko6bBGnjwvELxGi4F6gP9jYqA,"[{'trait_type': 'Attributes Count', 'value': 2}, {'trait_type': 'Type', 'value': 'Brown'}, {'trait_type': 'Clothes', 'value': 'Military Vest'}, {'trait_type': 'Ears', 'value': 'None'}, {'trait_type': 'Mouth', 'value': 'None'}, {'trait_type': 'Eyes', 'value': 'None'}, {'trait_type': 'Hat', 'value': 'Green Cap'}]","{'files': [{'uri': 'https://arweave.net/sEt8L5klG68wdJDodA85Y6fLiM1qPmqq2Mbb2ER3qI0', 'type': 'image/png'}, {'uri': 'https://cdn.solanamonkey.business/gen2/2315.png', 'type': 'image/png', 'cdn': True}], 'category': 'image', 'creators': [{'address': '9uBX3ASjxWvNBAD1xjbVaKA74mWGZys3RGSF7DdeDD3F', 'verified': True, 'share': 100}]}",1,9uBX3ASjxWvNBAD1xjbVaKA74mWGZys3RGSF7DdeDD3F,1,"{'verified': 1, 'key': 'SMBH3wF6baUj6JWtzYvqcKuj2XCKWDqQxzspY12xPND', 'data': {'name': 'SMB Gen2', 'image': 'https://arweave.net/lZ5FdIVagNoNvI4QFoHhB6Xyn4oVGLV9xOTW32WBC20', 'description': 'SMB is a collection of 5000 randomly generated 24x24 pixels NFTs on the Solana Blockchain. Each SolanaMonkey is unique and comes with different type and attributes varying in rarity.'}}",False,"{'auctionHouseKey': 'E8cU1WiRWjanGxmn96ewBgk9vPTcL6AEZ1t6F6fkgUWe', 'sellerReferral': 'autMW8SgBkVYeBgqYiTuJZnkvDZMVU2MHJh9Jh7CSQ2', 'expiry': -1}","{'moonrank': {'rank': 4230}, 'howrare': {'rank': 3900}}"
6,5tZqGc8q7FNDWcmBYQaw6LLgUc17VvxG5QApUc2SMfa7,269.0,7gpkUK88jPsS4d1AHQqpTipq11hUrskpQcCStWjHoYtm,9esGMuGucpERznA2sAxKNbvSfrd5QFjVpr5krwurAf7H,solana_monkey_business,Solana Monkey Business,https://arweave.net/qg-P9deBsZjYMZu0J8Ji_wIvrvgrvYaYUletfaYlXgI,https://cdn.solanamonkey.business/gen2/4483.png,SMB #4483,SMB is a collection of 5000 randomly generated 24x24 pixels NFTs on the Solana Blockchain. Each SolanaMonkey is unique and comes with different type and attributes varying in rarity.,https://solanamonkey.business/,image,"[{'address': '9uBX3ASjxWvNBAD1xjbVaKA74mWGZys3RGSF7DdeDD3F', 'verified': 1, 'share': 100}]",600,HKM4vjDKq2j9ECeC5qi4GC6vEY6hwnt5KsCRbUoC8hAF,"[{'trait_type': 'Attributes Count', 'value': 3}, {'trait_type': 'Type', 'value': 'Purple'}, {'trait_type': 'Clothes', 'value': 'Red Shirt'}, {'trait_type': 'Ears', 'value': 'None'}, {'trait_type': 'Mouth', 'value': 'Vape'}, {'trait_type': 'Eyes', 'value': 'None'}, {'trait_type': 'Hat', 'value': 'White Fedora 2'}]","{'files': [{'uri': 'https://arweave.net/qg-P9deBsZjYMZu0J8Ji_wIvrvgrvYaYUletfaYlXgI', 'type': 'image/png'}, {'uri': 'https://cdn.solanamonkey.business/gen2/4483.png', 'type': 'image/png', 'cdn': True}], 'category': 'image', 'creators': [{'address': '9uBX3ASjxWvNBAD1xjbVaKA74mWGZys3RGSF7DdeDD3F', 'verified': True, 'share': 100}]}",1,9uBX3ASjxWvNBAD1xjbVaKA74mWGZys3RGSF7DdeDD3F,1,"{'verified': 1, 'key': 'SMBH3wF6baUj6JWtzYvqcKuj2XCKWDqQxzspY12xPND', 'data': {'name': 'SMB Gen2', 'image': 'https://arweave.net/lZ5FdIVagNoNvI4QFoHhB6Xyn4oVGLV9xOTW32WBC20', 'description': 'SMB is a collection of 5000 randomly generated 24x24 pixels NFTs on the Solana Blockchain. Each SolanaMonkey is unique and comes with different type and attributes varying in rarity.'}}",False,"{'auctionHouseKey': 'E8cU1WiRWjanGxmn96ewBgk9vPTcL6AEZ1t6F6fkgUWe', 'sellerReferral': 'autMW8SgBkVYeBgqYiTuJZnkvDZMVU2MHJh9Jh7CSQ2', 'expiry': -1}","{'howrare': {'rank': 4099}, 'moonrank': {'rank': 2473}}"
7,Ax3CxYLtKGcPgikNV7MSEjyWeQTskyVnrz3qKhkLs58R,300.0,Abh8UChpgXgCVJJcDPrNWcVActeiJrrVLM29dfg36DuT,B5gdyWsZEUVuCzgtqBYQ6szmALVgEikTB3naWDgKm6ER,solana_monkey_business,Solana Monkey Business,https://arweave.net/0ZXT_SUTa6UhcUUp-yTOUoK1bmlaqXGcXiUzLfPepnw,https://cdn.solanamonkey.business/gen2/4811.png,SMB #4811,SMB is a collection of 5000 randomly generated 24x24 pixels NFTs on the Solana Blockchain. Each SolanaMonkey is unique and comes with different type and attributes varying in rarity.,https://solanamonkey.business/,image,"[{'address': '9uBX3ASjxWvNBAD1xjbVaKA74mWGZys3RGSF7DdeDD3F', 'verified': 1, 'share': 100}]",600,9NxJxwT8ztJNZfNWzhCkFKaZ9ZRSsML6zEYZPsRnvBFo,"[{'trait_type': 'Attributes Count', 'value': 3}, {'trait_type': 'Type', 'value': 'Brown'}, {'trait_type': 'Clothes', 'value': 'None'}, {'trait_type': 'Ears', 'value': 'Silver Earring'}, {'trait_type': 'Mouth', 'value': 'Cigarette'}, {'trait_type': 'Eyes', 'value': 'None'}, {'trait_type': 'Hat', 'value': 'Black Backwards Cap'}]","{'files': [{'uri': 'https://arweave.net/0ZXT_SUTa6UhcUUp-yTOUoK1bmlaqXGcXiUzLfPepnw', 'type': 'image/png'}, {'uri': 'https://cdn.solanamonkey.business/gen2/4811.png', 'type': 'image/png', 'cdn': True}], 'category': 'image', 'creators': [{'address': '9uBX3ASjxWvNBAD1xjbVaKA74mWGZys3RGSF7DdeDD3F', 'verified': True, 'share': 100}]}",1,9uBX3ASjxWvNBAD1xjbVaKA74mWGZys3RGSF7DdeDD3F,1,"{'verified': 1, 'key': 'SMBH3wF6baUj6JWtzYvqcKuj2XCKWDqQxzspY12xPND', 'data': {'name': 'SMB Gen2', 'image': 'https://arweave.net/lZ5FdIVagNoNvI4QFoHhB6Xyn4oVGLV9xOTW32WBC20', 'description': 'SMB is a collection of 5000 randomly generated 24x24 pixels NFTs on the Solana Blockchain. Each SolanaMonkey is unique and comes with different type and attributes varying in rarity.'}}",False,"{'auctionHouseKey': 'E8cU1WiRWjanGxmn96ewBgk9vPTcL6AEZ1t6F6fkgUWe', 'sellerReferral': 'autMW8SgBkVYeBgqYiTuJZnkvDZMVU2MHJh9Jh7CSQ2', 'expiry': -1}","{'howrare': {'rank': 3988}, 'moonrank': {'rank': 2150}}"
8,4goXno7A2NZqbFF14NZijY63GZXkrgVCDQsrLaK2JvRb,300.0,9Kz6TyVoezpMf7ip9HNyUGz7EAFNAAuv7789Z4S36SxP,CVLeiLMDJ3QMgAimDES3L9etqAj4YyuL4FsQsAKusXLW,solana_monkey_business,Solana Monkey Business,https://arweave.net/PosFfwRH9zkC7Uaztnypk9H3APfT9EQE1ycaV0QIGhk,https://cdn.solanamonkey.business/gen2/3984.png,SMB #3984,SMB is a collection of 5000 randomly generated 24x24 pixels NFTs on the Solana Blockchain. Each SolanaMonkey is unique and comes with different type and attributes varying in rarity.,https://solanamonkey.business/,image,"[{'address': '9uBX3ASjxWvNBAD1xjbVaKA74mWGZys3RGSF7DdeDD3F', 'verified': 1, 'share': 100}]",600,91irdM9M9gV91nVWnehrTkjmoZxKK7cP2ULs1TpRDjiP,"[{'trait_type': 'Attributes Count', 'value': 3}, {'trait_type': 'Type', 'value': 'Dark'}, {'trait_type': 'Clothes', 'value': 'Purple Shirt'}, {'trait_type': 'Ears', 'value': 'Gold Earring'}, {'trait_type': 'Mouth', 'value': 'None'}, {'trait_type': 'Eyes', 'value': 'None'}, {'trait_type': 'Hat', 'value': 'Black Fedora 2'}]","{'files': [{'uri': 'https://arweave.net/PosFfwRH9zkC7Uaztnypk9H3APfT9EQE1ycaV0QIGhk', 'type': 'image/png'}, {'uri': 'https://cdn.solanamonkey.business/gen2/3984.png', 'type': 'image/png', 'cdn': True}], 'category': 'image', 'creators': [{'address': '9uBX3ASjxWvNBAD1xjbVaKA74mWGZys3RGSF7DdeDD3F', 'verified': True, 'share': 100}]}",1,9uBX3ASjxWvNBAD1xjbVaKA74mWGZys3RGSF7DdeDD3F,1,"{'verified': 1, 'key': 'SMBH3wF6baUj6JWtzYvqcKuj2XCKWDqQxzspY12xPND', 'data': {'name': 'SMB Gen2', 'image': 'https://arweave.net/lZ5FdIVagNoNvI4QFoHhB6Xyn4oVGLV9xOTW32WBC20', 'description': 'SMB is a collection of 5000 randomly generated 24x24 pixels NFTs on the Solana Blockchain. Each SolanaMonkey is unique and comes with different type and attributes varying in rarity.'}}",False,"{'auctionHouseKey': 'E8cU1WiRWjanGxmn96ewBgk9vPTcL6AEZ1t6F6fkgUWe', 'sellerReferral': 'autMW8SgBkVYeBgqYiTuJZnkvDZMVU2MHJh9Jh7CSQ2', 'expiry': -1}","{'moonrank': {'rank': 1825}, 'howrare': {'rank': 3230}}"
9,D4LZTfVrSNr3yeNtVCtejzft1n2RzpPdpg9WrEdBRmXe,313.0,Bn96smcPcd97ERMaKJgWSPB3redmizg78wG9AotFFtvF,26dQaAsfcVsbUUFy1tigaLtmeycW4Jmtkqb5DoLCfkzq,solana_monkey_business,Solana Monkey Business,https://arweave.net/HhaQu6Yvs6VSShWTLdBy6pHh1crJRpF5KwIVnxwTTq0,https://cdn.solanamonkey.business/gen2/1197.png,SMB #1197,SMB is a collection of 5000 randomly generated 24x24 pixels NFTs on the Solana Blockchain. Each SolanaMonkey is unique and comes with different type and attributes varying in rarity.,https://solanamonkey.business/,image,"[{'address': '9uBX3ASjxWvNBAD1xjbVaKA74mWGZys3RGSF7DdeDD3F', 'verified': 1, 'share': 100}]",600,FHKhHFAjiphQiqBiYH38KqQYdaKksc1j99qpbLkuA2zx,"[{'trait_type': 'Attributes Count', 'value': 3}, {'trait_type': 'Type', 'value': 'Orange'}, {'trait_type': 'Clothes', 'value': 'Blue Shirt'}, {'trait_type': 'Ears', 'value': 'Silver Earring'}, {'trait_type': 'Mouth', 'value': 'None'}, {'trait_type': 'Eyes', 'value': 'None'}, {'trait_type': 'Hat', 'value': 'Thief Hat'}]","{'files': [{'uri': 'https://arweave.net/HhaQu6Yvs6VSShWTLdBy6pHh1crJRpF5KwIVnxwTTq0', 'type': 'image/png'}, {'uri': 'https://cdn.solanamonkey.business/gen2/1197.png', 'type': 'image/png', 'cdn': True}], 'category': 'image', 'creators': [{'address': '9uBX3ASjxWvNBAD1xjbVaKA74mWGZys3RGSF7DdeDD3F', 'verified': True, 'share': 100}]}",1,9uBX3ASjxWvNBAD1xjbVaKA74mWGZys3RGSF7DdeDD3F,1,"{'verified': 1, 'key': 'SMBH3wF6baUj6JWtzYvqcKuj2XCKWDqQxzspY12xPND', 'data': {'name': 'SMB Gen2', 'image': 'https://arweave.net/lZ5FdIVagNoNvI4QFoHhB6Xyn4oVGLV9xOTW32WBC20', 'description': 'SMB is a collection of 5000 randomly generated 24x24 pixels NFTs on the Solana Blockchain. Each SolanaMonkey is unique and comes with different type and attributes varying in rarity.'}}",False,"{'auctionHouseKey': 'E8cU1WiRWjanGxmn96ewBgk9vPTcL6AEZ1t6F6fkgUWe', 'sellerReferral': 'autMW8SgBkVYeBgqYiTuJZnkvDZMVU2MHJh9Jh7CSQ2', 'expiry': -1}",{'moonrank': {'rank': 3053}}
10,9gEB1jxBc89BeT9LAeMHbv3BFXewGTgHsWK4sbZfPDqz,320.0,9ysH3v2PLVkwkCX1WzYx58qX8mFmYuctoJzFGV9wf983,7Y2S3qvPhiBd6zCW5b2bu1W4yZ5pMF7z2vqxkt8zEGrB,solana_monkey_business,Solana Monkey Business,https://arweave.net/szIpAT8zP4WMnuWMHaxE4CUpfPa6_lUi6qBmqp3IaKE,https://cdn.solanamonkey.business/gen2/450.png,SMB #450,SMB is a collection of 5000 randomly generated 24x24 pixels NFTs on the Solana Blockchain. Each SolanaMonkey is unique and comes with different type and attributes varying in rarity.,https://solanamonkey.business/,image,"[{'address': '9uBX3ASjxWvNBAD1xjbVaKA74mWGZys3RGSF7DdeDD3F', 'verified': 1, 'share': 100}]",600,4vToAhYMTWC79LHVZGaTK8nJTd4xFrKe7guZ2CwLCRR4,"[{'trait_type': 'Attributes Count', 'value': 4}, {'trait_type': 'Type', 'value': 'Orange'}, {'trait_type': 'Clothes', 'value': 'Cop Vest'}, {'trait_type': 'Ears', 'value': 'Silver Earring'}, {'trait_type': 'Mouth', 'value': 'None'}, {'trait_type': 'Eyes', 'value': 'Green Glasses'}, {'trait_type': 'Hat', 'value': 'Military Helmet'}]","{'files': [{'uri': 'https://arweave.net/szIpAT8zP4WMnuWMHaxE4CUpfPa6_lUi6qBmqp3IaKE', 'type': 'image/png'}, {'uri': 'https://cdn.solanamonkey.business/gen2/450.png', 'type': 'image/png', 'cdn': True}], 'category': 'image', 'creators': [{'address': '9uBX3ASjxWvNBAD1xjbVaKA74mWGZys3RGSF7DdeDD3F', 'verified': True, 'share': 100}]}",1,9uBX3ASjxWvNBAD1xjbVaKA74mWGZys3RGSF7DdeDD3F,1,"{'verified': 1, 'key': 'SMBH3wF6baUj6JWtzYvqcKuj2XCKWDqQxzspY12xPND', 'data': {'name': 'SMB Gen2', 'image': 'https://arweave.net/lZ5FdIVagNoNvI4QFoHhB6Xyn4oVGLV9xOTW32WBC20', 'description': 'SMB is a collection of 5000 randomly generated 24x24 pixels NFTs on the Solana Blockchain. Each SolanaMonkey is unique and comes with different type and attributes varying in rarity.'}}",False,"{'auctionHouseKey': 'E8cU1WiRWjanGxmn96ewBgk9vPTcL6AEZ1t6F6fkgUWe', 'sellerReferral': 'autMW8SgBkVYeBgqYiTuJZnkvDZMVU2MHJh9Jh7CSQ2', 'expiry': -1}","{'howrare': {'rank': 947}, 'moonrank': {'rank': 360}}"
11,FQP7mdJZ3Adub5WCUVxvzT174gkm3kSK22sW6cjZ4sr3,332.0,CVcR6fQF51h8MSytArSPozbRwyZS65iST2LZ1coLc34r,G4ZWv1aug4opta9d3QveNFoXJQpc3CA8c36cr3XoJGQr,solana_monkey_business,Solana Monkey Business,https://arweave.net/gvy-FZahJDpUBH5w3EJBjb9qL8cfXucFg5Z04aOw7XI,https://cdn.solanamonkey.business/gen2/2731.png,SMB #2731,SMB is a collection of 5000 randomly generated 24x24 pixels NFTs on the Solana Blockchain. Each SolanaMonkey is unique and comes with different type and attributes varying in rarity.,https://solanamonkey.business/,image,"[{'address': '9uBX3ASjxWvNBAD1xjbVaKA74mWGZys3RGSF7DdeDD3F', 'verified': 1, 'share': 100}]",600,7yuiSDYJwVjYzX7VZuix7cGFrDJYt7r694tCpZiTMj7c,"[{'trait_type': 'Attributes Count', 'value': 2}, {'trait_type': 'Type', 'value': 'Alien'}, {'trait_type': 'Clothes', 'value': 'Black Smoking'}, {'trait_type': 'Ears', 'value': 'None'}, {'trait_type': 'Mouth', 'value': 'None'}, {'trait_type': 'Eyes', 'value': 'None'}, {'trait_type': 'Hat', 'value': 'Orange Backwards Cap'}]","{'files': [{'uri': 'https://arweave.net/gvy-FZahJDpUBH5w3EJBjb9qL8cfXucFg5Z04aOw7XI', 'type': 'image/png'}, {'uri': 'https://cdn.solanamonkey.business/gen2/2731.png', 'type': 'image/png', 'cdn': True}], 'category': 'image', 'creators': [{'address': '9uBX3ASjxWvNBAD1xjbVaKA74mWGZys3RGSF7DdeDD3F', 'verified': True, 'share': 100}]}",1,9uBX3ASjxWvNBAD1xjbVaKA74mWGZys3RGSF7DdeDD3F,1,"{'verified': 1, 'key': 'SMBH3wF6baUj6JWtzYvqcKuj2XCKWDqQxzspY12xPND', 'data': {'name': 'SMB Gen2', 'image': 'https://arweave.net/lZ5FdIVagNoNvI4QFoHhB6Xyn4oVGLV9xOTW32WBC20', 'description': 'SMB is a collection of 5000 randomly generated 24x24 pixels NFTs on the Solana Blockchain. Each SolanaMonkey is unique and comes with different type and attributes varying in rarity.'}}",False,"{'auctionHouseKey': 'E8cU1WiRWjanGxmn96ewBgk9vPTcL6AEZ1t6F6fkgUWe', 'sellerReferral': 'autMW8SgBkVYeBgqYiTuJZnkvDZMVU2MHJh9Jh7CSQ2', 'expiry': -1}","{'moonrank': {'rank': 2861}, 'howrare': {'rank': 1461}}"
12,GK3SSxa5eyf8GbCo46oJzBBqULBTphHA37KygvojKySv,333.0,3NCA6Lrk4ep62c7HiGCx2MZq8FJFbaQhuqUq6eT4gwtt,HnLgabHUZ8u2haAvryKSigvHCF5Cdv1HoJDTJnAz2xVr,solana_monkey_business,Solana Monkey Business,https://arweave.net/_wgysHzCuBXu-n7HZM2xW_BX7Tr3zfLDGF-dDdAx3NU,https://cdn.solanamonkey.business/gen2/4025.png,SMB #4025,SMB is a collection of 5000 randomly generated 24x24 pixels NFTs on the Solana Blockchain. Each SolanaMonkey is unique and comes with different type and attributes varying in rarity.,https://solanamonkey.business/,image,"[{'address': '9uBX3ASjxWvNBAD1xjbVaKA74mWGZys3RGSF7DdeDD3F', 'verified': 1, 'share': 100}]",600,EAK5AKbfPhLg8pBuR5oPAUSE8tRyHK6kBU5Xv2oEcb3r,"[{'trait_type': 'Attributes Count', 'value': 4}, {'trait_type': 'Type', 'value': 'Brown'}, {'trait_type': 'Clothes', 'value': 'White Shirt'}, {'trait_type': 'Ears', 'value': 'Silver Earring'}, {'trait_type': 'Mouth', 'value': 'None'}, {'trait_type': 'Eyes', 'value': 'Yellow Glasses'}, {'trait_type': 'Hat', 'value': 'White Fedora 1'}]","{'files': [{'uri': 'https://arweave.net/_wgysHzCuBXu-n7HZM2xW_BX7Tr3zfLDGF-dDdAx3NU', 'type': 'image/png'}, {'uri': 'https://cdn.solanamonkey.business/gen2/4025.png', 'type': 'image/png', 'cdn': True}], 'category': 'image', 'creators': [{'address': '9uBX3ASjxWvNBAD1xjbVaKA74mWGZys3RGSF7DdeDD3F', 'verified': True, 'share': 100}]}",1,9uBX3ASjxWvNBAD1xjbVaKA74mWGZys3RGSF7DdeDD3F,1,"{'verified': 1, 'key': 'SMBH3wF6baUj6JWtzYvqcKuj2XCKWDqQxzspY12xPND', 'data': {'name': 'SMB Gen2', 'image': 'https://arweave.net/lZ5FdIVagNoNvI4QFoHhB6Xyn4oVGLV9xOTW32WBC20', 'description': 'SMB is a collection of 5000 randomly generated 24x24 pixels NFTs on the Solana Blockchain. Each SolanaMonkey is unique and comes with different type and attributes varying in rarity.'}}",False,"{'auctionHouseKey': 'E8cU1WiRWjanGxmn96ewBgk9vPTcL6AEZ1t6F6fkgUWe', 'sellerReferral': 'autMW8SgBkVYeBgqYiTuJZnkvDZMVU2MHJh9Jh7CSQ2', 'expiry': -1}","{'howrare': {'rank': 2962}, 'moonrank': {'rank': 924}}"
13,BXzQGy9vQrhG76eKMc7PCtmgbrNxcTvtam3cewWYvqVY,420.0,DYUsgv7sUyHnihr7iSkTNe1oMG9ExtoWAt6WxfYpDhZL,9PM4EsBhgEiWZHSB9BEDU1ANCQdWJYWiQ9LaQBtxU9CZ,solana_monkey_business,Solana Monkey Business,https://arweave.net/ihst-6DuKsP-HYJudPPpaJbprtj3SwRWFpjCqy2FoUg,https://cdn.solanamonkey.business/gen2/1590.png,SMB #1590,SMB is a collection of 5000 randomly generated 24x24 pixels NFTs on the Solana Blockchain. Each SolanaMonkey is unique and comes with different type and attributes varying in rarity.,https://solanamonkey.business/,image,"[{'address': '9uBX3ASjxWvNBAD1xjbVaKA74mWGZys3RGSF7DdeDD3F', 'verified': 1, 'share': 100}]",600,32kRFiGAMGdeyVSNGiFGNeKMUXXi8PRjj8ae1Z29K1Tq,"[{'trait_type': 'Attributes Count', 'value': 3}, {'trait_type': 'Type', 'value': 'Brown'}, {'trait_type': 'Clothes', 'value': 'Green Shirt'}, {'trait_type': 'Ears', 'value': 'None'}, {'trait_type': 'Mouth', 'value': 'Pipe'}, {'trait_type': 'Eyes', 'value': 'Gold Glasses'}, {'trait_type': 'Hat', 'value': 'None'}]","{'files': [{'uri': 'https://arweave.net/ihst-6DuKsP-HYJudPPpaJbprtj3SwRWFpjCqy2FoUg', 'type': 'image/png'}, {'uri': 'https://cdn.solanamonkey.business/gen2/1590.png', 'type': 'image/png', 'cdn': True}], 'category': 'image', 'creators': [{'address': '9uBX3ASjxWvNBAD1xjbVaKA74mWGZys3RGSF7DdeDD3F', 'verified': True, 'share': 100}]}",1,9uBX3ASjxWvNBAD1xjbVaKA74mWGZys3RGSF7DdeDD3F,1,"{'verified': 1, 'key': 'SMBH3wF6baUj6JWtzYvqcKuj2XCKWDqQxzspY12xPND', 'data': {'name': 'SMB Gen2', 'image': 'https://arweave.net/lZ5FdIVagNoNvI4QFoHhB6Xyn4oVGLV9xOTW32WBC20', 'description': 'SMB is a collection of 5000 randomly generated 24x24 pixels NFTs on the Solana Blockchain. Each SolanaMonkey is unique and comes with different type and attributes varying in rarity.'}}",False,"{'auctionHouseKey': 'E8cU1WiRWjanGxmn96ewBgk9vPTcL6AEZ1t6F6fkgUWe', 'sellerReferral': 'autMW8SgBkVYeBgqYiTuJZnkvDZMVU2MHJh9Jh7CSQ2', 'expiry': -1}","{'howrare': {'rank': 2377}, 'moonrank': {'rank': 519}}"
14,6UexMcQcUrNUwmNzxamMQkNCTfvdEsYeLUViCi8wNFCH,360.0,5MExniKCHEHmB1anVyXbGuyw4eiqLYXrpVvmZDHJfCdT,8YyzBs2MqmwfoiAMXesabSyPCeAJXiZM8zNpPrFomZMP,solana_monkey_business,Solana Monkey Business,https://arweave.net/NbTtx4K-J207p8ZmbAHC3dYP3DnGVykBY-sPErQbr4k,https://cdn.solanamonkey.business/gen2/2749.png,SMB #2749,SMB is a collection of 5000 randomly generated 24x24 pixels NFTs on the Solana Blockchain. Each SolanaMonkey is unique and comes with different type and attributes varying in rarity.,https://solanamonkey.business/,image,"[{'address': '9uBX3ASjxWvNBAD1xjbVaKA74mWGZys3RGSF7DdeDD3F', 'verified': 1, 'share': 100}]",600,8jphhMufzb39HT9HEVoj9WzdphAHg2wQLSiMS52QPHZs,"[{'trait_type': 'Attributes Count', 'value': 3}, {'trait_type': 'Type', 'value': 'Dark'}, {'trait_type': 'Clothes', 'value': 'Red Shirt'}, {'trait_type': 'Ears', 'value': 'None'}, {'trait_type': 'Mouth', 'value': 'None'}, {'trait_type': 'Eyes', 'value': 'VR Glasses'}, {'trait_type': 'Hat', 'value': 'Cowboy Hat'}]","{'files': [{'uri': 'https://arweave.net/NbTtx4K-J207p8ZmbAHC3dYP3DnGVykBY-sPErQbr4k', 'type': 'image/png'}, {'uri': 'https://cdn.solanamonkey.business/gen2/2749.png', 'type': 'image/png', 'cdn': True}], 'category': 'image', 'creators': [{'address': '9uBX3ASjxWvNBAD1xjbVaKA74mWGZys3RGSF7DdeDD3F', 'verified': True, 'share': 100}]}",1,9uBX3ASjxWvNBAD1xjbVaKA74mWGZys3RGSF7DdeDD3F,1,"{'verified': 1, 'key': 'SMBH3wF6baUj6JWtzYvqcKuj2XCKWDqQxzspY12xPND', 'data': {'name': 'SMB Gen2', 'image': 'https://arweave.net/lZ5FdIVagNoNvI4QFoHhB6Xyn4oVGLV9xOTW32WBC20', 'description': 'SMB is a collection of 5000 randomly generated 24x24 pixels NFTs on the Solana Blockchain. Each SolanaMonkey is unique and comes with different type and attributes varying in rarity.'}}",False,"{'auctionHouseKey': 'E8cU1WiRWjanGxmn96ewBgk9vPTcL6AEZ1t6F6fkgUWe', 'sellerReferral': 'autMW8SgBkVYeBgqYiTuJZnkvDZMVU2MHJh9Jh7CSQ2', 'expiry': -1}","{'moonrank': {'rank': 1019}, 'howrare': {'rank': 1581}}"
15,Pm5LFr5sveaCqEcxn4VbFtC8qt4akA6ynhR9n7nuwSd,369.0,EK31nnZ2msEU3cqw5qmaEM5rszopuTwjggcAobjwhF7N,F7K4cLdK3XYz9G6MktFmw4UBeq7dD3S8hLzq6FQy7vFt,solana_monkey_business,Solana Monkey Business,https://arweave.net/YYtEzjN9DNVnlL65M0SF5lUpYsaDRiyAANs2QVSieF4,https://cdn.solanamonkey.business/gen2/510.png,SMB #510,SMB is a collection of 5000 randomly generated 24x24 pixels NFTs on the Solana Blockchain. Each SolanaMonkey is unique and comes with different type and attributes varying in rarity.,https://solanamonkey.business/,image,"[{'address': '9uBX3ASjxWvNBAD1xjbVaKA74mWGZys3RGSF7DdeDD3F', 'verified': 1, 'share': 100}]",600,4ZvYQDmiLPoip6fAWSrxFVmgwGRvv5Mcqh6DhUJDq4fM,"[{'trait_type': 'Attributes Count', 'value': 3}, {'trait_type': 'Type', 'value': 'Orange'}, {'trait_type': 'Clothes', 'value': 'Green Jacket'}, {'trait_type': 'Ears', 'value': 'None'}, {'trait_type': 'Mouth', 'value': 'Cigarette'}, {'trait_type': 'Eyes', 'value': 'None'}, {'trait_type': 'Hat', 'value': 'Green Beret'}]","{'files': [{'uri': 'https://arweave.net/YYtEzjN9DNVnlL65M0SF5lUpYsaDRiyAANs2QVSieF4', 'type': 'image/png'}, {'uri': 'https://cdn.solanamonkey.business/gen2/510.png', 'type': 'image/png', 'cdn': True}], 'category': 'image', 'creators': [{'address': '9uBX3ASjxWvNBAD1xjbVaKA74mWGZys3RGSF7DdeDD3F', 'verified': True, 'share': 100}]}",1,9uBX3ASjxWvNBAD1xjbVaKA74mWGZys3RGSF7DdeDD3F,1,"{'verified': 1, 'key': 'SMBH3wF6baUj6JWtzYvqcKuj2XCKWDqQxzspY12xPND', 'data': {'name': 'SMB Gen2', 'image': 'https://arweave.net/lZ5FdIVagNoNvI4QFoHhB6Xyn4oVGLV9xOTW32WBC20', 'description': 'SMB is a collection of 5000 randomly generated 24x24 pixels NFTs on the Solana Blockchain. Each SolanaMonkey is unique and comes with different type and attributes varying in rarity.'}}",False,"{'auctionHouseKey': 'E8cU1WiRWjanGxmn96ewBgk9vPTcL6AEZ1t6F6fkgUWe', 'sellerReferral': 'autMW8SgBkVYeBgqYiTuJZnkvDZMVU2MHJh9Jh7CSQ2', 'expiry': -1}","{'howrare': {'rank': 2312}, 'moonrank': {'rank': 1863}}"
16,Cgov96yLnbkkTdK37oqUWBSVLijg4fSqpDeLNYiYrnFJ,369.69,2Qwuat1RJxMAB5yVnh56T4q6WetBZzLDWVDU8MB1cKke,3KVvjH2hX1VgJ8zJcwRJKVkDKRHLbB6syURwMyRTByJB,solana_monkey_business,Solana Monkey Business,https://arweave.net/ikWd2rTTniszA8n77zevMCdF3acZKtiYnIm4YqfpJPA,https://cdn.solanamonkey.business/gen2/4843.png,SMB #4843,SMB is a collection of 5000 randomly generated 24x24 pixels NFTs on the Solana Blockchain. Each SolanaMonkey is unique and comes with different type and attributes varying in rarity.,https://solanamonkey.business/,image,"[{'address': '9uBX3ASjxWvNBAD1xjbVaKA74mWGZys3RGSF7DdeDD3F', 'verified': 1, 'share': 100}]",600,Dz8S9rQ3vJA9sbtDiv54M5kEqHJs96XkmWs7PGB17pAN,"[{'trait_type': 'Attributes Count', 'value': 3}, {'trait_type': 'Type', 'value': 'Purple'}, {'trait_type': 'Clothes', 'value': 'Blue Shirt'}, {'trait_type': 'Ears', 'value': 'Silver Earring'}, {'trait_type': 'Mouth', 'value': 'None'}, {'trait_type': 'Eyes', 'value': 'None'}, {'trait_type': 'Hat', 'value': 'Purple Backwards Cap'}]","{'files': [{'uri': 'https://arweave.net/ikWd2rTTniszA8n77zevMCdF3acZKtiYnIm4YqfpJPA', 'type': 'image/png'}, {'uri': 'https://cdn.solanamonkey.business/gen2/4843.png', 'type': 'image/png', 'cdn': True}], 'category': 'image', 'creators': [{'address': '9uBX3ASjxWvNBAD1xjbVaKA74mWGZys3RGSF7DdeDD3F', 'verified': True, 'share': 100}]}",1,9uBX3ASjxWvNBAD1xjbVaKA74mWGZys3RGSF7DdeDD3F,1,"{'verified': 1, 'key': 'SMBH3wF6baUj6JWtzYvqcKuj2XCKWDqQxzspY12xPND', 'data': {'name': 'SMB Gen2', 'image': 'https://arweave.net/lZ5FdIVagNoNvI4QFoHhB6Xyn4oVGLV9xOTW32WBC20', 'description': 'SMB is a collection of 5000 randomly generated 24x24 pixels NFTs on the Solana Blockchain. Each SolanaMonkey is unique and comes with different type and attributes varying in rarity.'}}",False,"{'auctionHouseKey': 'E8cU1WiRWjanGxmn96ewBgk9vPTcL6AEZ1t6F6fkgUWe', 'sellerReferral': 'autMW8SgBkVYeBgqYiTuJZnkvDZMVU2MHJh9Jh7CSQ2', 'expiry': -1}",{'moonrank': {'rank': 2788}}
17,GzML8pwPt8WTSMPwoP4A7G9Jr3bn1wiQJebMCJ4VqxE3,385.0,9cxy9GmhXVquPPAsq2vT2jah1KBkjWz4CwUvLcy3gC97,HFu4TWXa4P3B4WVpNN2GH8de4yFKyhwST3EXa1p7kBMg,solana_monkey_business,Solana Monkey Business,https://arweave.net/kz8J-5UsxRuxoT4q7wGMwCMJ2hj40vrmZD3jqjiKf3w,https://cdn.solanamonkey.business/gen2/2577.png,SMB #2577,SMB is a collection of 5000 randomly generated 24x24 pixels NFTs on the Solana Blockchain. Each SolanaMonkey is unique and comes with different type and attributes varying in rarity.,https://solanamonkey.business/,image,"[{'address': '9uBX3ASjxWvNBAD1xjbVaKA74mWGZys3RGSF7DdeDD3F', 'verified': 1, 'share': 100}]",600,8vMLTxTDM8kN8DJfUzXGu3ziANFWLxF9AVtwTPiecr3W,"[{'trait_type': 'Attributes Count', 'value': 3}, {'trait_type': 'Type', 'value': 'Red'}, {'trait_type': 'Clothes', 'value': 'Orange Shirt'}, {'trait_type': 'Ears', 'value': 'None'}, {'trait_type': 'Mouth', 'value': 'None'}, {'trait_type': 'Eyes', 'value': '3D Glasses'}, {'trait_type': 'Hat', 'value': 'Green Top Hat'}]","{'files': [{'uri': 'https://arweave.net/kz8J-5UsxRuxoT4q7wGMwCMJ2hj40vrmZD3jqjiKf3w', 'type': 'image/png'}, {'uri': 'https://cdn.solanamonkey.business/gen2/2577.png', 'type': 'image/png', 'cdn': True}], 'category': 'image', 'creators': [{'address': '9uBX3ASjxWvNBAD1xjbVaKA74mWGZys3RGSF7DdeDD3F', 'verified': True, 'share': 100}]}",1,9uBX3ASjxWvNBAD1xjbVaKA74mWGZys3RGSF7DdeDD3F,1,"{'verified': 1, 'key': 'SMBH3wF6baUj6JWtzYvqcKuj2XCKWDqQxzspY12xPND', 'data': {'name': 'SMB Gen2', 'image': 'https://arweave.net/lZ5FdIVagNoNvI4QFoHhB6Xyn4oVGLV9xOTW32WBC20', 'description': 'SMB is a collection of 5000 randomly generated 24x24 pixels NFTs on the Solana Blockchain. Each SolanaMonkey is unique and comes with different type and attributes varying in rarity.'}}",False,"{'auctionHouseKey': 'E8cU1WiRWjanGxmn96ewBgk9vPTcL6AEZ1t6F6fkgUWe', 'sellerReferral': 'autMW8SgBkVYeBgqYiTuJZnkvDZMVU2MHJh9Jh7CSQ2', 'expiry': -1}",{'moonrank': {'rank': 1029}}
18,AVvyn2rDCNjg8T4M9yN9kwvq7bQsDiwTxtkwi6drqL3s,424.0,DDnT5YQKD6fg1kGugF2Z3gjZnQ8sR4oho6upa7dSozgh,9Ghkjov8aS3hL9NxjiXipt1byR8Sx2KHk7uzY5P5wjmx,solana_monkey_business,Solana Monkey Business,https://arweave.net/r0dJ9qZOhZpYzc4001nmB3p9ZT6cxepBZWAjyeXsVsA,https://cdn.solanamonkey.business/gen2/4516.png,SMB #4516,SMB is a collection of 5000 randomly generated 24x24 pixels NFTs on the Solana Blockchain. Each SolanaMonkey is unique and comes with different type and attributes varying in rarity.,https://solanamonkey.business/,image,"[{'address': '9uBX3ASjxWvNBAD1xjbVaKA74mWGZys3RGSF7DdeDD3F', 'verified': 1, 'share': 100}]",600,9DVEk5EigNeHCc1N6ohJvinaJ8F9sU7oQ99dsu3VSSLz,"[{'trait_type': 'Attributes Count', 'value': 3}, {'trait_type': 'Type', 'value': 'Brown'}, {'trait_type': 'Clothes', 'value': 'Cop Vest'}, {'trait_type': 'Ears', 'value': 'None'}, {'trait_type': 'Mouth', 'value': 'None'}, {'trait_type': 'Eyes', 'value': 'Laser Eyes'}, {'trait_type': 'Hat', 'value': 'Orange Cap'}]","{'files': [{'uri': 'https://arweave.net/r0dJ9qZOhZpYzc4001nmB3p9ZT6cxepBZWAjyeXsVsA', 'type': 'image/png'}, {'uri': 'https://cdn.solanamonkey.business/gen2/4516.png', 'type': 'image/png', 'cdn': True}], 'category': 'image', 'creators': [{'address': '9uBX3ASjxWvNBAD1xjbVaKA74mWGZys3RGSF7DdeDD3F', 'verified': True, 'share': 100}]}",1,9uBX3ASjxWvNBAD1xjbVaKA74mWGZys3RGSF7DdeDD3F,1,"{'verified': 1, 'key': 'SMBH3wF6baUj6JWtzYvqcKuj2XCKWDqQxzspY12xPND', 'data': {'name': 'SMB Gen2', 'image': 'https://arweave.net/lZ5FdIVagNoNvI4QFoHhB6Xyn4oVGLV9xOTW32WBC20', 'description': 'SMB is a collection of 5000 randomly generated 24x24 pixels NFTs on the Solana Blockchain. Each SolanaMonkey is unique and comes with different type and attributes varying in rarity.'}}",False,"{'auctionHouseKey': 'E8cU1WiRWjanGxmn96ewBgk9vPTcL6AEZ1t6F6fkgUWe', 'sellerReferral': 'autMW8SgBkVYeBgqYiTuJZnkvDZMVU2MHJh9Jh7CSQ2', 'expiry': -1}","{'moonrank': {'rank': 1014}, 'howrare': {'rank': 1490}}"
19,FUL3R2pRWTYzPQvUvvg1cUwDjr9Voe8dS69Qm2TAuEES,426.0,26X3hCRN1cBxN4EzokiZfgS1zzuQdY2H6LWnR43NLLMa,6niQWU7nuW33ktYiiXjicAouaYYiwTZcgge3u5mZUtsc,solana_monkey_business,Solana Monkey Business,https://arweave.net/Xs8hZVPSzWjY4EQ7niVe-TuVRbOrn1o3wKwEzDlZq0s,https://cdn.solanamonkey.business/gen2/223.png,SMB #223,SMB is a collection of 5000 randomly generated 24x24 pixels NFTs on the Solana Blockchain. Each SolanaMonkey is unique and comes with different type and attributes varying in rarity.,https://solanamonkey.business/,image,"[{'address': '9uBX3ASjxWvNBAD1xjbVaKA74mWGZys3RGSF7DdeDD3F', 'verified': 1, 'share': 100}]",600,AXYjD9y9V3VST38cJzibRHxDXLG4nFBC9e8rCu7994LQ,"[{'trait_type': 'Attributes Count', 'value': 3}, {'trait_type': 'Type', 'value': 'Red'}, {'trait_type': 'Clothes', 'value': 'Purple Shirt'}, {'trait_type': 'Ears', 'value': 'None'}, {'trait_type': 'Mouth', 'value': 'None'}, {'trait_type': 'Eyes', 'value': 'Laser Eyes'}, {'trait_type': 'Hat', 'value': 'Sailor Cap'}]","{'files': [{'uri': 'https://arweave.net/Xs8hZVPSzWjY4EQ7niVe-TuVRbOrn1o3wKwEzDlZq0s', 'type': 'image/png'}, {'uri': 'https://cdn.solanamonkey.business/gen2/223.png', 'type': 'image/png', 'cdn': True}], 'category': 'image', 'creators': [{'address': '9uBX3ASjxWvNBAD1xjbVaKA74mWGZys3RGSF7DdeDD3F', 'verified': True, 'share': 100}]}",1,9uBX3ASjxWvNBAD1xjbVaKA74mWGZys3RGSF7DdeDD3F,1,"{'verified': 1, 'key': 'SMBH3wF6baUj6JWtzYvqcKuj2XCKWDqQxzspY12xPND', 'data': {'name': 'SMB Gen2', 'image': 'https://arweave.net/lZ5FdIVagNoNvI4QFoHhB6Xyn4oVGLV9xOTW32WBC20', 'description': 'SMB is a collection of 5000 randomly generated 24x24 pixels NFTs on the Solana Blockchain. Each SolanaMonkey is unique and comes with different type and attributes varying in rarity.'}}",False,"{'auctionHouseKey': 'E8cU1WiRWjanGxmn96ewBgk9vPTcL6AEZ1t6F6fkgUWe', 'sellerReferral': 'autMW8SgBkVYeBgqYiTuJZnkvDZMVU2MHJh9Jh7CSQ2', 'expiry': -1}","{'howrare': {'rank': 738}, 'moonrank': {'rank': 788}}"
20,6cVRyGsGXwzb4VJp1W2psEUZkCQdRZu84FtQuT2G8d6G,500.0,FGj7LSRVaDELuSjsXJ8x2LHAH9AD7Qn2Xr9ZAZz91cvr,HSnSxBd9cWiBBxvT5MDZAzLVnB84fsmFdiuctn2ijyvM,solana_monkey_business,Solana Monkey Business,https://arweave.net/zbLdOaYDim4kXbk9LEhdCaR7W3185-miimiW9Ntxed4,https://cdn.solanamonkey.business/gen2/1396.png,SMB #1396,SMB is a collection of 5000 randomly generated 24x24 pixels NFTs on the Solana Blockchain. Each SolanaMonkey is unique and comes with different type and attributes varying in rarity.,https://solanamonkey.business/,image,"[{'address': '9uBX3ASjxWvNBAD1xjbVaKA74mWGZys3RGSF7DdeDD3F', 'verified': 1, 'share': 100}]",600,36zoFd9YMNQQ7ALMTBgq3J9M2KFd1HZ9yU3rxJt4udbT,"[{'trait_type': 'Attributes Count', 'value': 3}, {'trait_type': 'Type', 'value': 'Orange'}, {'trait_type': 'Clothes', 'value': 'Orange Kimono'}, {'trait_type': 'Ears', 'value': 'None'}, {'trait_type': 'Mouth', 'value': 'None'}, {'trait_type': 'Eyes', 'value': '3D Glasses'}, {'trait_type': 'Hat', 'value': 'Orange Cap'}]","{'files': [{'uri': 'https://arweave.net/zbLdOaYDim4kXbk9LEhdCaR7W3185-miimiW9Ntxed4', 'type': 'image/png'}, {'uri': 'https://cdn.solanamonkey.business/gen2/1396.png', 'type': 'image/png', 'cdn': True}], 'category': 'image', 'creators': [{'address': '9uBX3ASjxWvNBAD1xjbVaKA74mWGZys3RGSF7DdeDD3F', 'verified': True, 'share': 100}]}",1,9uBX3ASjxWvNBAD1xjbVaKA74mWGZys3RGSF7DdeDD3F,1,"{'verified': 1, 'key': 'SMBH3wF6baUj6JWtzYvqcKuj2XCKWDqQxzspY12xPND', 'data': {'name': 'SMB Gen2', 'image': 'https://arweave.net/lZ5FdIVagNoNvI4QFoHhB6Xyn4oVGLV9xOTW32WBC20', 'description': 'SMB is a collection of 5000 randomly generated 24x24 pixels NFTs on the Solana Blockchain. Each SolanaMonkey is unique and comes with different type and attributes varying in rarity.'}}",False,"{'auctionHouseKey': 'E8cU1WiRWjanGxmn96ewBgk9vPTcL6AEZ1t6F6fkgUWe', 'sellerReferral': 'autMW8SgBkVYeBgqYiTuJZnkvDZMVU2MHJh9Jh7CSQ2', 'expiry': -1}","{'howrare': {'rank': 1587}, 'moonrank': {'rank': 917}}"
21,FjusW7qDj2YPWpQACUymkMkinmunW3M9z8zCKf3RwTzj,500.0,HpHZWLmquwc6MpaHXeG7gHyrvBHyu8h7hnTwzkTtUozU,2nxEq8LhPePN9xaKWbd9mJMzcNuhMc8E9L7i5s7jQDwr,solana_monkey_business,Solana Monkey Business,https://arweave.net/eXbd6DW9vi1axrpgBOEzfwb9YhPtygKUFRv_wO01ZGg,https://cdn.solanamonkey.business/gen2/3633.png,SMB #3633,SMB is a collection of 5000 randomly generated 24x24 pixels NFTs on the Solana Blockchain. Each SolanaMonkey is unique and comes with different type and attributes varying in rarity.,https://solanamonkey.business/,image,"[{'address': '9uBX3ASjxWvNBAD1xjbVaKA74mWGZys3RGSF7DdeDD3F', 'verified': 1, 'share': 100}]",600,E8FnWfiTkhGpjaR3k3rBsrdUwnh9Tavk75EVw8yFVJE7,"[{'trait_type': 'Attributes Count', 'value': 3}, {'trait_type': 'Type', 'value': 'Purple'}, {'trait_type': 'Clothes', 'value': 'Cop Vest'}, {'trait_type': 'Ears', 'value': 'None'}, {'trait_type': 'Mouth', 'value': 'Pipe'}, {'trait_type': 'Eyes', 'value': 'None'}, {'trait_type': 'Hat', 'value': 'Horns'}]","{'files': [{'uri': 'https://arweave.net/eXbd6DW9vi1axrpgBOEzfwb9YhPtygKUFRv_wO01ZGg', 'type': 'image/png'}, {'uri': 'https://cdn.solanamonkey.business/gen2/3633.png', 'type': 'image/png', 'cdn': True}], 'category': 'image', 'creators': [{'address': '9uBX3ASjxWvNBAD1xjbVaKA74mWGZys3RGSF7DdeDD3F', 'verified': True, 'share': 100}]}",1,9uBX3ASjxWvNBAD1xjbVaKA74mWGZys3RGSF7DdeDD3F,1,"{'verified': 1, 'key': 'SMBH3wF6baUj6JWtzYvqcKuj2XCKWDqQxzspY12xPND', 'data': {'name': 'SMB Gen2', 'image': 'https://arweave.net/lZ5FdIVagNoNvI4QFoHhB6Xyn4oVGLV9xOTW32WBC20', 'description': 'SMB is a collection of 5000 randomly generated 24x24 pixels NFTs on the Solana Blockchain. Each SolanaMonkey is unique and comes with different type and attributes varying in rarity.'}}",False,"{'auctionHouseKey': 'E8cU1WiRWjanGxmn96ewBgk9vPTcL6AEZ1t6F6fkgUWe', 'sellerReferral': 'autMW8SgBkVYeBgqYiTuJZnkvDZMVU2MHJh9Jh7CSQ2', 'expiry': -1}","{'howrare': {'rank': 734}, 'moonrank': {'rank': 544}}"
22,2iesGsqVzR1cig2ggGJF7T3ahziwg8hJrbziTWVQXU4t,500.0,4BvSXMvSjrd6bAYRynTogfYkHZ6CK8EfgvvgA2HmhmXg,CMCis34kCni1KbhkuyuKzMHGmZZ1HYM4CimF12wXG34,solana_monkey_business,Solana Monkey Business,https://arweave.net/ie2Z6y6Lm6z8aRVcRLRf5-SVFAuWYxY-QhB2v5yaKI8,https://cdn.solanamonkey.business/gen2/311.png,SMB #311,SMB is a collection of 5000 randomly generated 24x24 pixels NFTs on the Solana Blockchain. Each SolanaMonkey is unique and comes with different type and attributes varying in rarity.,https://solanamonkey.business/,image,"[{'address': '9uBX3ASjxWvNBAD1xjbVaKA74mWGZys3RGSF7DdeDD3F', 'verified': 1, 'share': 100}]",600,AQJRnfDa3S3R5xLFQT9AXBK3PMsAmTj4QxByGTgWeYfJ,"[{'trait_type': 'Attributes Count', 'value': 3}, {'trait_type': 'Type', 'value': 'Brown'}, {'trait_type': 'Clothes', 'value': 'Blue Shirt'}, {'trait_type': 'Ears', 'value': 'None'}, {'trait_type': 'Mouth', 'value': 'None'}, {'trait_type': 'Eyes', 'value': 'Cool Glasses'}, {'trait_type': 'Hat', 'value': 'Black Top Hat'}]","{'files': [{'uri': 'https://arweave.net/ie2Z6y6Lm6z8aRVcRLRf5-SVFAuWYxY-QhB2v5yaKI8', 'type': 'image/png'}, {'uri': 'https://cdn.solanamonkey.business/gen2/311.png', 'type': 'image/png', 'cdn': True}], 'category': 'image', 'creators': [{'address': '9uBX3ASjxWvNBAD1xjbVaKA74mWGZys3RGSF7DdeDD3F', 'verified': True, 'share': 100}]}",1,9uBX3ASjxWvNBAD1xjbVaKA74mWGZys3RGSF7DdeDD3F,1,"{'verified': 1, 'key': 'SMBH3wF6baUj6JWtzYvqcKuj2XCKWDqQxzspY12xPND', 'data': {'name': 'SMB Gen2', 'image': 'https://arweave.net/lZ5FdIVagNoNvI4QFoHhB6Xyn4oVGLV9xOTW32WBC20', 'description': 'SMB is a collection of 5000 randomly generated 24x24 pixels NFTs on the Solana Blockchain. Each SolanaMonkey is unique and comes with different type and attributes varying in rarity.'}}",False,"{'auctionHouseKey': 'E8cU1WiRWjanGxmn96ewBgk9vPTcL6AEZ1t6F6fkgUWe', 'sellerReferral': 'autMW8SgBkVYeBgqYiTuJZnkvDZMVU2MHJh9Jh7CSQ2', 'expiry': -1}","{'moonrank': {'rank': 1748}, 'howrare': {'rank': 2634}}"
23,6mwXrqdC7ppfwqkdjhuAAngJPyDHGm7cEW1wcwdrfg6D,555.0,J8ygYShPANeahGne6y9izaFDJu6WUg8nWwTxybQumPRd,AEahaRpDFzg74t7NtWoruabo2fPJQjKFM9kQJNjH7obK,solana_monkey_business,Solana Monkey Business,https://arweave.net/Jaqxedu5PpHvgsat1tPEawB_MdGFiNZXFW7FsE6G67A,https://cdn.solanamonkey.business/gen2/3361.png,SMB #3361,SMB is a collection of 5000 randomly generated 24x24 pixels NFTs on the Solana Blockchain. Each SolanaMonkey is unique and comes with different type and attributes varying in rarity.,https://solanamonkey.business/,image,"[{'address': '9uBX3ASjxWvNBAD1xjbVaKA74mWGZys3RGSF7DdeDD3F', 'verified': 1, 'share': 100}]",600,HZtkFsrfXoo7SX5N1KDnuJgvWXk7de7h1BXgxxwgzLpY,"[{'trait_type': 'Attributes Count', 'value': 4}, {'trait_type': 'Type', 'value': 'Red'}, {'trait_type': 'Clothes', 'value': 'Orange Shirt'}, {'trait_type': 'Ears', 'value': 'None'}, {'trait_type': 'Mouth', 'value': 'Cigarette'}, {'trait_type': 'Eyes', 'value': 'Laser Eyes'}, {'trait_type': 'Hat', 'value': 'Green Punk Hair'}]","{'files': [{'uri': 'https://arweave.net/Jaqxedu5PpHvgsat1tPEawB_MdGFiNZXFW7FsE6G67A', 'type': 'image/png'}, {'uri': 'https://cdn.solanamonkey.business/gen2/3361.png', 'type': 'image/png', 'cdn': True}], 'category': 'image', 'creators': [{'address': '9uBX3ASjxWvNBAD1xjbVaKA74mWGZys3RGSF7DdeDD3F', 'verified': True, 'share': 100}]}",1,9uBX3ASjxWvNBAD1xjbVaKA74mWGZys3RGSF7DdeDD3F,1,"{'verified': 1, 'key': 'SMBH3wF6baUj6JWtzYvqcKuj2XCKWDqQxzspY12xPND', 'data': {'name': 'SMB Gen2', 'image': 'https://arweave.net/lZ5FdIVagNoNvI4QFoHhB6Xyn4oVGLV9xOTW32WBC20', 'description': 'SMB is a collection of 5000 randomly generated 24x24 pixels NFTs on the Solana Blockchain. Each SolanaMonkey is unique and comes with different type and attributes varying in rarity.'}}",False,"{'auctionHouseKey': 'E8cU1WiRWjanGxmn96ewBgk9vPTcL6AEZ1t6F6fkgUWe', 'sellerReferral': 'autMW8SgBkVYeBgqYiTuJZnkvDZMVU2MHJh9Jh7CSQ2', 'expiry': -1}","{'moonrank': {'rank': 229}, 'howrare': {'rank': 674}}"
24,7ajoLUzpmUG6dknWxBP2ewDcjf2ZdckpmCoNViRonKPy,600.0,HdcDUSiBsXoNFgGgNQ5rBzWhArQ6RaERfapzUUCD4i8q,DgrrREd29u5G1b7MXLbVi1GML8BhX7ES9fuqKMeSWNBL,solana_monkey_business,Solana Monkey Business,https://arweave.net/dc25b2cW9ggjLzZyT7aUWu7xrBYfPF9y7wr3ozzlys8,https://cdn.solanamonkey.business/gen2/1194.png,SMB #1194,SMB is a collection of 5000 randomly generated 24x24 pixels NFTs on the Solana Blockchain. Each SolanaMonkey is unique and comes with different type and attributes varying in rarity.,https://solanamonkey.business/,image,"[{'address': '9uBX3ASjxWvNBAD1xjbVaKA74mWGZys3RGSF7DdeDD3F', 'verified': 1, 'share': 100}]",600,EYoqduN4T8dAvUK1N8a98A61vn7cKGQyJN2PeLReuQQW,"[{'trait_type': 'Attributes Count', 'value': 3}, {'trait_type': 'Type', 'value': 'Brown'}, {'trait_type': 'Clothes', 'value': 'Blue Shirt'}, {'trait_type': 'Ears', 'value': 'None'}, {'trait_type': 'Mouth', 'value': 'None'}, {'trait_type': 'Eyes', 'value': 'Laser Eyes'}, {'trait_type': 'Hat', 'value': 'Military Helmet'}]","{'files': [{'uri': 'https://arweave.net/dc25b2cW9ggjLzZyT7aUWu7xrBYfPF9y7wr3ozzlys8', 'type': 'image/png'}, {'uri': 'https://cdn.solanamonkey.business/gen2/1194.png', 'type': 'image/png', 'cdn': True}], 'category': 'image', 'creators': [{'address': '9uBX3ASjxWvNBAD1xjbVaKA74mWGZys3RGSF7DdeDD3F', 'verified': True, 'share': 100}]}",1,9uBX3ASjxWvNBAD1xjbVaKA74mWGZys3RGSF7DdeDD3F,1,"{'verified': 1, 'key': 'SMBH3wF6baUj6JWtzYvqcKuj2XCKWDqQxzspY12xPND', 'data': {'name': 'SMB Gen2', 'image': 'https://arweave.net/lZ5FdIVagNoNvI4QFoHhB6Xyn4oVGLV9xOTW32WBC20', 'description': 'SMB is a collection of 5000 randomly generated 24x24 pixels NFTs on the Solana Blockchain. Each SolanaMonkey is unique and comes with different type and attributes varying in rarity.'}}",False,"{'auctionHouseKey': 'E8cU1WiRWjanGxmn96ewBgk9vPTcL6AEZ1t6F6fkgUWe', 'sellerReferral': 'autMW8SgBkVYeBgqYiTuJZnkvDZMVU2MHJh9Jh7CSQ2', 'expiry': -1}","{'moonrank': {'rank': 962}, 'howrare': {'rank': 923}}"
25,AuPEix8qbDociywveatT8hSLS1ChrjYxQLX7B6pWfeEU,777.0,3S46H1nMyTUxw2j9nPzHF3cKSEoRd7qnvUkqxY6q6WJ3,EqLDv9MkMQNtrg5m2cVPk6ShXMAFgACbbWN7WHqxGvi,solana_monkey_business,Solana Monkey Business,https://arweave.net/E-uqf3MzL_sGnspIlXXdIQ_XTDTuHS35d48_lHDaAUc,https://cdn.solanamonkey.business/gen2/1622.png,SMB #1622,SMB is a collection of 5000 randomly generated 24x24 pixels NFTs on the Solana Blockchain. Each SolanaMonkey is unique and comes with different type and attributes varying in rarity.,https://solanamonkey.business/,image,"[{'address': '9uBX3ASjxWvNBAD1xjbVaKA74mWGZys3RGSF7DdeDD3F', 'verified': 1, 'share': 100}]",600,G21tf4MTuMpoH5YH4Mjqyr7fPe1SP7AJYbCEgZFZESvB,"[{'trait_type': 'Attributes Count', 'value': 3}, {'trait_type': 'Type', 'value': 'Red'}, {'trait_type': 'Clothes', 'value': 'Military Vest'}, {'trait_type': 'Ears', 'value': 'None'}, {'trait_type': 'Mouth', 'value': 'None'}, {'trait_type': 'Eyes', 'value': 'Yellow Glasses'}, {'trait_type': 'Hat', 'value': 'Horns'}]","{'files': [{'uri': 'https://arweave.net/E-uqf3MzL_sGnspIlXXdIQ_XTDTuHS35d48_lHDaAUc', 'type': 'image/png'}, {'uri': 'https://cdn.solanamonkey.business/gen2/1622.png', 'type': 'image/png', 'cdn': True}], 'category': 'image', 'creators': [{'address': '9uBX3ASjxWvNBAD1xjbVaKA74mWGZys3RGSF7DdeDD3F', 'verified': True, 'share': 100}]}",1,9uBX3ASjxWvNBAD1xjbVaKA74mWGZys3RGSF7DdeDD3F,1,"{'verified': 1, 'key': 'SMBH3wF6baUj6JWtzYvqcKuj2XCKWDqQxzspY12xPND', 'data': {'name': 'SMB Gen2', 'image': 'https://arweave.net/lZ5FdIVagNoNvI4QFoHhB6Xyn4oVGLV9xOTW32WBC20', 'description': 'SMB is a collection of 5000 randomly generated 24x24 pixels NFTs on the Solana Blockchain. Each SolanaMonkey is unique and comes with different type and attributes varying in rarity.'}}",False,"{'auctionHouseKey': 'E8cU1WiRWjanGxmn96ewBgk9vPTcL6AEZ1t6F6fkgUWe', 'sellerReferral': 'autMW8SgBkVYeBgqYiTuJZnkvDZMVU2MHJh9Jh7CSQ2', 'expiry': -1}","{'moonrank': {'rank': 765}, 'howrare': {'rank': 975}}"
26,74BcTZosmJQ4u94mAU8SuXQeqquDYLHGT6GQaMbKMznc,795.0,7JMwXuaHjp2pAuGpCikWhfViqtSBQ2Dd75qLm7SUB5As,DPGvWstCUSQuqi9KmHxFrUP9qeTvLQ8bhKG4s3GTYB3p,solana_monkey_business,Solana Monkey Business,https://arweave.net/8FTlqMDH4g_o9JjegbxyuvfrCy7WK0uNlczB8epcW7Q,https://cdn.solanamonkey.business/gen2/2760.png,SMB #2760,SMB is a collection of 5000 randomly generated 24x24 pixels NFTs on the Solana Blockchain. Each SolanaMonkey is unique and comes with different type and attributes varying in rarity.,https://solanamonkey.business/,image,"[{'address': '9uBX3ASjxWvNBAD1xjbVaKA74mWGZys3RGSF7DdeDD3F', 'verified': 1, 'share': 100}]",600,FW68NTZAzEyaBZWEmDb43xTf4E5EhPQs5d1tPwvZ4DSe,"[{'trait_type': 'Attributes Count', 'value': 2}, {'trait_type': 'Type', 'value': 'Zombie'}, {'trait_type': 'Clothes', 'value': 'Pirate Vest'}, {'trait_type': 'Ears', 'value': 'None'}, {'trait_type': 'Mouth', 'value': 'None'}, {'trait_type': 'Eyes', 'value': 'None'}, {'trait_type': 'Hat', 'value': 'Green Cap'}]","{'files': [{'uri': 'https://arweave.net/8FTlqMDH4g_o9JjegbxyuvfrCy7WK0uNlczB8epcW7Q', 'type': 'image/png'}, {'uri': 'https://cdn.solanamonkey.business/gen2/2760.png', 'type': 'image/png', 'cdn': True}], 'category': 'image', 'creators': [{'address': '9uBX3ASjxWvNBAD1xjbVaKA74mWGZys3RGSF7DdeDD3F', 'verified': True, 'share': 100}]}",1,9uBX3ASjxWvNBAD1xjbVaKA74mWGZys3RGSF7DdeDD3F,1,"{'verified': 1, 'key': 'SMBH3wF6baUj6JWtzYvqcKuj2XCKWDqQxzspY12xPND', 'data': {'name': 'SMB Gen2', 'image': 'https://arweave.net/lZ5FdIVagNoNvI4QFoHhB6Xyn4oVGLV9xOTW32WBC20', 'description': 'SMB is a collection of 5000 randomly generated 24x24 pixels NFTs on the Solana Blockchain. Each SolanaMonkey is unique and comes with different type and attributes varying in rarity.'}}",False,"{'auctionHouseKey': 'E8cU1WiRWjanGxmn96ewBgk9vPTcL6AEZ1t6F6fkgUWe', 'sellerReferral': 'autMW8SgBkVYeBgqYiTuJZnkvDZMVU2MHJh9Jh7CSQ2', 'expiry': -1}","{'moonrank': {'rank': 2055}, 'howrare': {'rank': 628}}"
27,5Js8Wp6Np7aEPj1v1kAnQRLrfdxHsmYiyRoQM1WZ1sE4,800.0,2DohiiLpvS2d9q4rGNTERUZmeBh1fe1TQEuBnrxVphvf,FQCpHk1pT1Rjft2vDJM9xFGDFdWGU2TY6j6vFmXUqPgQ,solana_monkey_business,Solana Monkey Business,https://arweave.net/EoBzzKBXKDL7esvseBgqvxJk52pby5WbF48nBPNGgTY,https://cdn.solanamonkey.business/gen2/2594.png,SMB #2594,SMB is a collection of 5000 randomly generated 24x24 pixels NFTs on the Solana Blockchain. Each SolanaMonkey is unique and comes with different type and attributes varying in rarity.,https://solanamonkey.business/,image,"[{'address': '9uBX3ASjxWvNBAD1xjbVaKA74mWGZys3RGSF7DdeDD3F', 'verified': 1, 'share': 100}]",600,BbCCKnfWdetaA95gLd7wK3qMjXtYXLQ86mkYpmFaB5t3,"[{'trait_type': 'Attributes Count', 'value': 3}, {'trait_type': 'Type', 'value': 'Dark'}, {'trait_type': 'Clothes', 'value': 'Green Shirt'}, {'trait_type': 'Ears', 'value': 'None'}, {'trait_type': 'Mouth', 'value': 'None'}, {'trait_type': 'Eyes', 'value': 'VR Glasses'}, {'trait_type': 'Hat', 'value': 'Blue Backwards Cap'}]","{'files': [{'uri': 'https://arweave.net/EoBzzKBXKDL7esvseBgqvxJk52pby5WbF48nBPNGgTY', 'type': 'image/png'}, {'uri': 'https://cdn.solanamonkey.business/gen2/2594.png', 'type': 'image/png', 'cdn': True}], 'category': 'image', 'creators': [{'address': '9uBX3ASjxWvNBAD1xjbVaKA74mWGZys3RGSF7DdeDD3F', 'verified': True, 'share': 100}]}",1,9uBX3ASjxWvNBAD1xjbVaKA74mWGZys3RGSF7DdeDD3F,1,"{'verified': 1, 'key': 'SMBH3wF6baUj6JWtzYvqcKuj2XCKWDqQxzspY12xPND', 'data': {'name': 'SMB Gen2', 'image': 'https://arweave.net/lZ5FdIVagNoNvI4QFoHhB6Xyn4oVGLV9xOTW32WBC20', 'description': 'SMB is a collection of 5000 randomly generated 24x24 pixels NFTs on the Solana Blockchain. Each SolanaMonkey is unique and comes with different type and attributes varying in rarity.'}}",False,,"{'moonrank': {'rank': 1134}, 'howrare': {'rank': 1842}}"
28,DbtgiD1jUD6GLBHR42jyczktoikRzrttHJ3hYj3Em9AL,1200.0,7BevtSdy4tFce28c9Fo8cLhPFAPYAn6Qhsq174udY1Lq,9PM4EsBhgEiWZHSB9BEDU1ANCQdWJYWiQ9LaQBtxU9CZ,solana_monkey_business,Solana Monkey Business,https://arweave.net/_Lhn4CpDKT-TFMB-VTDqFZS4PkKIVh_-WUhJUThpBEg,https://cdn.solanamonkey.business/gen2/1527.png,SMB #1527,SMB is a collection of 5000 randomly generated 24x24 pixels NFTs on the Solana Blockchain. Each SolanaMonkey is unique and comes with different type and attributes varying in rarity.,https://solanamonkey.business/,image,"[{'address': '9uBX3ASjxWvNBAD1xjbVaKA74mWGZys3RGSF7DdeDD3F', 'verified': 1, 'share': 100}]",600,4fMCFuFTzqWFJwFMmgKzA89TJ9tMzpjf4BLCLEpGHnrK,"[{'trait_type': 'Attributes Count', 'value': 2}, {'trait_type': 'Type', 'value': 'Dark'}, {'trait_type': 'Clothes', 'value': 'Orange Jacket'}, {'trait_type': 'Ears', 'value': 'None'}, {'trait_type': 'Mouth', 'value': 'None'}, {'trait_type': 'Eyes', 'value': 'None'}, {'trait_type': 'Hat', 'value': 'Pirate Hat'}]","{'files': [{'uri': 'https://arweave.net/_Lhn4CpDKT-TFMB-VTDqFZS4PkKIVh_-WUhJUThpBEg', 'type': 'image/png'}, {'uri': 'https://cdn.solanamonkey.business/gen2/1527.png', 'type': 'image/png', 'cdn': True}], 'category': 'image', 'creators': [{'address': '9uBX3ASjxWvNBAD1xjbVaKA74mWGZys3RGSF7DdeDD3F', 'verified': True, 'share': 100}]}",1,9uBX3ASjxWvNBAD1xjbVaKA74mWGZys3RGSF7DdeDD3F,1,"{'verified': 1, 'key': 'SMBH3wF6baUj6JWtzYvqcKuj2XCKWDqQxzspY12xPND', 'data': {'name': 'SMB Gen2', 'image': 'https://arweave.net/lZ5FdIVagNoNvI4QFoHhB6Xyn4oVGLV9xOTW32WBC20', 'description': 'SMB is a collection of 5000 randomly generated 24x24 pixels NFTs on the Solana Blockchain. Each SolanaMonkey is unique and comes with different type and attributes varying in rarity.'}}",False,"{'auctionHouseKey': 'E8cU1WiRWjanGxmn96ewBgk9vPTcL6AEZ1t6F6fkgUWe', 'sellerReferral': 'autMW8SgBkVYeBgqYiTuJZnkvDZMVU2MHJh9Jh7CSQ2', 'expiry': -1}",{'moonrank': {'rank': 1369}}
29,HLvjr6ytApyug6W1U1MGQTwGpJPWEqqBWC5h5bPUNBLk,2500.0,DppPEjSVbptJvQoAKVXG7HAcmRpxPJEUmAyePTRP4EGN,7kDvWzUp68EDqNuEuFgWpaRyryLZRjLkpu8g6Bf1DfQ3,solana_monkey_business,Solana Monkey Business,https://arweave.net/rJyV6F_DdZA_Bl3_ATgpcRyJL-aokMT7WQSH-CfSfkI,https://cdn.solanamonkey.business/gen2/1246.png,SMB #1246,SMB is a collection of 5000 randomly generated 24x24 pixels NFTs on the Solana Blockchain. Each SolanaMonkey is unique and comes with different type and attributes varying in rarity.,https://solanamonkey.business/,image,"[{'address': '9uBX3ASjxWvNBAD1xjbVaKA74mWGZys3RGSF7DdeDD3F', 'verified': 1, 'share': 100}]",600,BhKXfEHk4AGCYnYG5tMr3Y3WnN73D6hLMHfv6U9dap8S,"[{'trait_type': 'Attributes Count', 'value': 2}, {'trait_type': 'Type', 'value': 'Solana'}, {'trait_type': 'Clothes', 'value': 'Biker Vest'}, {'trait_type': 'Ears', 'value': 'None'}, {'trait_type': 'Mouth', 'value': 'None'}, {'trait_type': 'Eyes', 'value': 'None'}, {'trait_type': 'Hat', 'value': 'Green Top Hat'}]","{'files': [{'uri': 'https://arweave.net/rJyV6F_DdZA_Bl3_ATgpcRyJL-aokMT7WQSH-CfSfkI', 'type': 'image/png'}, {'uri': 'https://cdn.solanamonkey.business/gen2/1246.png', 'type': 'image/png', 'cdn': True}], 'category': 'image', 'creators': [{'address': '9uBX3ASjxWvNBAD1xjbVaKA74mWGZys3RGSF7DdeDD3F', 'verified': True, 'share': 100}]}",1,9uBX3ASjxWvNBAD1xjbVaKA74mWGZys3RGSF7DdeDD3F,1,"{'verified': 1, 'key': 'SMBH3wF6baUj6JWtzYvqcKuj2XCKWDqQxzspY12xPND', 'data': {'name': 'SMB Gen2', 'image': 'https://arweave.net/lZ5FdIVagNoNvI4QFoHhB6Xyn4oVGLV9xOTW32WBC20', 'description': 'SMB is a collection of 5000 randomly generated 24x24 pixels NFTs on the Solana Blockchain. Each SolanaMonkey is unique and comes with different type and attributes varying in rarity.'}}",False,"{'auctionHouseKey': 'E8cU1WiRWjanGxmn96ewBgk9vPTcL6AEZ1t6F6fkgUWe', 'sellerReferral': 'autMW8SgBkVYeBgqYiTuJZnkvDZMVU2MHJh9Jh7CSQ2', 'expiry': -1}","{'howrare': {'rank': 53}, 'moonrank': {'rank': 1072}}"
