,id,price,escrowPubkey,owner,collectionName,collectionTitle,img,title,content,externalURL,propertyCategory,creators,sellerFeeBasisPoints,mintAddress,attributes,properties,supply,updateAuthority,primarySaleHappened,onChainCollection,tokenDelegateValid,v2,rarity
0,Ff9pVxgdnzeqXfczThQLZ4kS1ou8tFk15VPoGvwMUNUe,8.33,9GbYjSwY7fkptLjNzKVgW4JPs8wrPQuNdTeHLhJH5N52,2pnsYUp7BNqeNRmZ44threHN4SrSnXaagDkphTub2LSE,zilla_vs_kong,Zilla vs Kong,https://www.arweave.net/jZ4LwCcL9pXwVrpX0Rs60nUaXptDnO6h5laRAt43gkc?ext=png,Zilla Vs Kong #741,888 Zillas vs Kongz battling ferociously on the Solana metaverse,https://www.zillavskong.online,image,"[{'address': '669hFBSmaSYfE4CEsXF9Ji9gYenDHzRP32GmtofHQK2W', 'verified': 1, 'share': 0}, {'address': '53bWYjZVEAh4Auz2MM5KoNCNyjJY8zMC69Haucbn8e2P', 'verified': 0, 'share': 15}, {'address': '3XMEQojzo5EdzLbyzk6EFgVrAPvnjg1xBMki8gW4Tt9r', 'verified': 0, 'share': 65}, {'address': 'CB4iaoagb9EYh88gcaRyHe9oE1V8dCL4PqRMM79zQgaC', 'verified': 0, 'share': 10}, {'address': 'GGhxzApavqdL1o5Uwijmhd7KEo4hgGXMGu2ntr4qBM7f', 'verified': 0, 'share': 10}]",800,3KSe4sg3DQwyANfjiDeythqPniSwXFXdAQwYuwAJXT2Z,"[{'trait_type': 'Type', 'value': 'Zilla'}, {'trait_type': 'Background', 'value': 'Hot air baloon'}, {'trait_type': 'Skins', 'value': 'Cyborg'}, {'trait_type': 'Neck', 'value': 'none'}, {'trait_type': 'Mouth', 'value': 'none'}, {'trait_type': 'Head', 'value': 'Blue fire'}, {'trait_type': 'Eyes', 'value': 'Rainbow Glasses'}]","{'files': [{'uri': 'https://www.arweave.net/jZ4LwCcL9pXwVrpX0Rs60nUaXptDnO6h5laRAt43gkc?ext=png', 'type': 'image/png'}], 'category': 'image', 'creators': [{'address': '53bWYjZVEAh4Auz2MM5KoNCNyjJY8zMC69Haucbn8e2P', 'share': 15}, {'address': '3XMEQojzo5EdzLbyzk6EFgVrAPvnjg1xBMki8gW4Tt9r', 'share': 65}, {'address': 'CB4iaoagb9EYh88gcaRyHe9oE1V8dCL4PqRMM79zQgaC', 'share': 10}, {'address': 'GGhxzApavqdL1o5Uwijmhd7KEo4hgGXMGu2ntr4qBM7f', 'share': 10}]}",1,Gy82oV7DHCZMUNLkdiAusyTrijnLa2FDK7ryaXmXqjAE,1,{},False,"{'auctionHouseKey': 'E8cU1WiRWjanGxmn96ewBgk9vPTcL6AEZ1t6F6fkgUWe', 'sellerReferral': 'autMW8SgBkVYeBgqYiTuJZnkvDZMVU2MHJh9Jh7CSQ2', 'expiry': -1}",{'moonrank': {'rank': 270}}
1,7Fzvn4xP1bLrtvD9NRt26eST7KoK3xVAwbhhbRcgMGv9,8.333,HN1cZRdSjkJ9NkVmge1Rd3Wru2quoJYS5AAtgnGEgTLa,8nCVphQobmK19c3LpLqWcEjpk1SF73kvAwbwenEyPRXV,zilla_vs_kong,Zilla vs Kong,https://www.arweave.net/uPDcRY-hCZDII74lORkJSeurivmAhvxdtXbHca10k94?ext=png,Zilla Vs Kong #301,888 Zillas vs Kongz battling ferociously on the Solana metaverse,https://www.zillavskong.online,image,"[{'address': '669hFBSmaSYfE4CEsXF9Ji9gYenDHzRP32GmtofHQK2W', 'verified': 1, 'share': 0}, {'address': '53bWYjZVEAh4Auz2MM5KoNCNyjJY8zMC69Haucbn8e2P', 'verified': 0, 'share': 15}, {'address': '3XMEQojzo5EdzLbyzk6EFgVrAPvnjg1xBMki8gW4Tt9r', 'verified': 0, 'share': 65}, {'address': 'CB4iaoagb9EYh88gcaRyHe9oE1V8dCL4PqRMM79zQgaC', 'verified': 0, 'share': 10}, {'address': 'GGhxzApavqdL1o5Uwijmhd7KEo4hgGXMGu2ntr4qBM7f', 'verified': 0, 'share': 10}]",800,DmyDKeMqsdrsbfk2s333jfUx8VuBcCVpUtDgi5sockaw,"[{'trait_type': 'Type', 'value': 'Zilla'}, {'trait_type': 'Background', 'value': 'Fast food'}, {'trait_type': 'Skins', 'value': 'Skeleton'}, {'trait_type': 'Neck', 'value': 'none'}, {'trait_type': 'Mouth', 'value': 'Blue fire'}, {'trait_type': 'Head', 'value': 'none'}, {'trait_type': 'Eyes', 'value': 'none'}]","{'files': [{'uri': 'https://www.arweave.net/uPDcRY-hCZDII74lORkJSeurivmAhvxdtXbHca10k94?ext=png', 'type': 'image/png'}], 'category': 'image', 'creators': [{'address': '53bWYjZVEAh4Auz2MM5KoNCNyjJY8zMC69Haucbn8e2P', 'share': 15}, {'address': '3XMEQojzo5EdzLbyzk6EFgVrAPvnjg1xBMki8gW4Tt9r', 'share': 65}, {'address': 'CB4iaoagb9EYh88gcaRyHe9oE1V8dCL4PqRMM79zQgaC', 'share': 10}, {'address': 'GGhxzApavqdL1o5Uwijmhd7KEo4hgGXMGu2ntr4qBM7f', 'share': 10}]}",1,Gy82oV7DHCZMUNLkdiAusyTrijnLa2FDK7ryaXmXqjAE,1,{},False,"{'auctionHouseKey': 'E8cU1WiRWjanGxmn96ewBgk9vPTcL6AEZ1t6F6fkgUWe', 'sellerReferral': 'autMW8SgBkVYeBgqYiTuJZnkvDZMVU2MHJh9Jh7CSQ2', 'expiry': -1}",{'moonrank': {'rank': 636}}
2,AyxY5MTYRjJz6J4c2a3PmTT7upRtXUDNfViDVW4d5K7Y,8.5,XrWC9f8CdPD4TtZMCoZGFmudK6M1phYK8WE7x8yUveb,Rp3V8N5hUUSRGyYK4iDUBUNaMxV8fwYSDfrSW5g6R3q,zilla_vs_kong,Zilla vs Kong,https://www.arweave.net/SQ4YAk00DuJ3lUb9h7RyiDFmaA_XIov9-srqsC2CRMs?ext=png,Zilla Vs Kong #828,888 Zillas vs Kongz battling ferociously on the Solana metaverse,https://www.zillavskong.online,image,"[{'address': '669hFBSmaSYfE4CEsXF9Ji9gYenDHzRP32GmtofHQK2W', 'verified': 1, 'share': 0}, {'address': '53bWYjZVEAh4Auz2MM5KoNCNyjJY8zMC69Haucbn8e2P', 'verified': 0, 'share': 15}, {'address': '3XMEQojzo5EdzLbyzk6EFgVrAPvnjg1xBMki8gW4Tt9r', 'verified': 0, 'share': 65}, {'address': 'CB4iaoagb9EYh88gcaRyHe9oE1V8dCL4PqRMM79zQgaC', 'verified': 0, 'share': 10}, {'address': 'GGhxzApavqdL1o5Uwijmhd7KEo4hgGXMGu2ntr4qBM7f', 'verified': 0, 'share': 10}]",800,DiomywHpn2bAu37bqfQSCpMFegxW5uzFrueppnFtieTK,"[{'trait_type': 'Type', 'value': 'Kong'}, {'trait_type': 'Background', 'value': 'Snowy mountains'}, {'trait_type': 'Skins', 'value': 'Scaled'}, {'trait_type': 'Neck', 'value': 'none'}, {'trait_type': 'Mouth', 'value': 'none'}, {'trait_type': 'Head', 'value': 'none'}, {'trait_type': 'Eyes', 'value': 'none'}]","{'files': [{'uri': 'https://www.arweave.net/SQ4YAk00DuJ3lUb9h7RyiDFmaA_XIov9-srqsC2CRMs?ext=png', 'type': 'image/png'}], 'category': 'image', 'creators': [{'address': '53bWYjZVEAh4Auz2MM5KoNCNyjJY8zMC69Haucbn8e2P', 'share': 15}, {'address': '3XMEQojzo5EdzLbyzk6EFgVrAPvnjg1xBMki8gW4Tt9r', 'share': 65}, {'address': 'CB4iaoagb9EYh88gcaRyHe9oE1V8dCL4PqRMM79zQgaC', 'share': 10}, {'address': 'GGhxzApavqdL1o5Uwijmhd7KEo4hgGXMGu2ntr4qBM7f', 'share': 10}]}",1,Gy82oV7DHCZMUNLkdiAusyTrijnLa2FDK7ryaXmXqjAE,1,{},False,"{'auctionHouseKey': 'E8cU1WiRWjanGxmn96ewBgk9vPTcL6AEZ1t6F6fkgUWe', 'sellerReferral': 'autMW8SgBkVYeBgqYiTuJZnkvDZMVU2MHJh9Jh7CSQ2', 'expiry': -1}",{'moonrank': {'rank': 808}}
3,AB9QiAmbsFvWD6frRh8awkcDxcSEBgpv7dy5Zc7qymu4,8.78,64uD1xvqPEg1vwWtz9cFYk2oKzZr1Y1XRMGu3gq1fVPZ,gNsbFD9CEk3A2CTbqwfHSCNip5txHw44JZmACnuFRVG,zilla_vs_kong,Zilla vs Kong,https://www.arweave.net/miVMXIRvsVvzwxPqpNdUHo9KJBiJ_zOlluo36FFtnTQ?ext=png,Zilla Vs Kong #645,888 Zillas vs Kongz battling ferociously on the Solana metaverse,https://www.zillavskong.online,image,"[{'address': '669hFBSmaSYfE4CEsXF9Ji9gYenDHzRP32GmtofHQK2W', 'verified': 1, 'share': 0}, {'address': '53bWYjZVEAh4Auz2MM5KoNCNyjJY8zMC69Haucbn8e2P', 'verified': 0, 'share': 15}, {'address': '3XMEQojzo5EdzLbyzk6EFgVrAPvnjg1xBMki8gW4Tt9r', 'verified': 0, 'share': 65}, {'address': 'CB4iaoagb9EYh88gcaRyHe9oE1V8dCL4PqRMM79zQgaC', 'verified': 0, 'share': 10}, {'address': 'GGhxzApavqdL1o5Uwijmhd7KEo4hgGXMGu2ntr4qBM7f', 'verified': 0, 'share': 10}]",800,Bj3MbvuUjJnHmrocqo1CSpaUJdQM4GzFx8qUAyMRYsLF,"[{'trait_type': 'Type', 'value': 'Zilla'}, {'trait_type': 'Background', 'value': 'City'}, {'trait_type': 'Skins', 'value': 'Desert'}, {'trait_type': 'Neck', 'value': 'Tie'}, {'trait_type': 'Mouth', 'value': 'none'}, {'trait_type': 'Head', 'value': 'none'}, {'trait_type': 'Eyes', 'value': 'Shades'}]","{'files': [{'uri': 'https://www.arweave.net/miVMXIRvsVvzwxPqpNdUHo9KJBiJ_zOlluo36FFtnTQ?ext=png', 'type': 'image/png'}], 'category': 'image', 'creators': [{'address': '53bWYjZVEAh4Auz2MM5KoNCNyjJY8zMC69Haucbn8e2P', 'share': 15}, {'address': '3XMEQojzo5EdzLbyzk6EFgVrAPvnjg1xBMki8gW4Tt9r', 'share': 65}, {'address': 'CB4iaoagb9EYh88gcaRyHe9oE1V8dCL4PqRMM79zQgaC', 'share': 10}, {'address': 'GGhxzApavqdL1o5Uwijmhd7KEo4hgGXMGu2ntr4qBM7f', 'share': 10}]}",1,Gy82oV7DHCZMUNLkdiAusyTrijnLa2FDK7ryaXmXqjAE,1,{},False,"{'auctionHouseKey': 'E8cU1WiRWjanGxmn96ewBgk9vPTcL6AEZ1t6F6fkgUWe', 'sellerReferral': 'autMW8SgBkVYeBgqYiTuJZnkvDZMVU2MHJh9Jh7CSQ2', 'expiry': -1}",{'moonrank': {'rank': 657}}
4,A3FYczjHsN1HePPiFpgAxCKWEWKs8W5yZ8ymjty7vAU6,8.88,7PuY6BrscVNRitMqDNC6wMFDXZ4Czb2SCaSPbX2aUyH2,gNsbFD9CEk3A2CTbqwfHSCNip5txHw44JZmACnuFRVG,zilla_vs_kong,Zilla vs Kong,https://www.arweave.net/kLx6M0c1LhYHAnbwyEPO9joEGM6-fpX0L8i0o1JU0JU?ext=png,Zilla Vs Kong #427,888 Zillas vs Kongz battling ferociously on the Solana metaverse,https://www.zillavskong.online,image,"[{'address': '669hFBSmaSYfE4CEsXF9Ji9gYenDHzRP32GmtofHQK2W', 'verified': 1, 'share': 0}, {'address': '53bWYjZVEAh4Auz2MM5KoNCNyjJY8zMC69Haucbn8e2P', 'verified': 0, 'share': 15}, {'address': '3XMEQojzo5EdzLbyzk6EFgVrAPvnjg1xBMki8gW4Tt9r', 'verified': 0, 'share': 65}, {'address': 'CB4iaoagb9EYh88gcaRyHe9oE1V8dCL4PqRMM79zQgaC', 'verified': 0, 'share': 10}, {'address': 'GGhxzApavqdL1o5Uwijmhd7KEo4hgGXMGu2ntr4qBM7f', 'verified': 0, 'share': 10}]",800,FNbb41T2AAhmTdULQK1pD4sQRGqpjwu9dRtjjbbsSao8,"[{'trait_type': 'Type', 'value': 'Zilla'}, {'trait_type': 'Background', 'value': 'City'}, {'trait_type': 'Skins', 'value': 'White'}, {'trait_type': 'Neck', 'value': 'Tie'}, {'trait_type': 'Mouth', 'value': 'none'}, {'trait_type': 'Head', 'value': 'none'}, {'trait_type': 'Eyes', 'value': 'none'}]","{'files': [{'uri': 'https://www.arweave.net/kLx6M0c1LhYHAnbwyEPO9joEGM6-fpX0L8i0o1JU0JU?ext=png', 'type': 'image/png'}], 'category': 'image', 'creators': [{'address': '53bWYjZVEAh4Auz2MM5KoNCNyjJY8zMC69Haucbn8e2P', 'share': 15}, {'address': '3XMEQojzo5EdzLbyzk6EFgVrAPvnjg1xBMki8gW4Tt9r', 'share': 65}, {'address': 'CB4iaoagb9EYh88gcaRyHe9oE1V8dCL4PqRMM79zQgaC', 'share': 10}, {'address': 'GGhxzApavqdL1o5Uwijmhd7KEo4hgGXMGu2ntr4qBM7f', 'share': 10}]}",1,Gy82oV7DHCZMUNLkdiAusyTrijnLa2FDK7ryaXmXqjAE,1,{},False,"{'auctionHouseKey': 'E8cU1WiRWjanGxmn96ewBgk9vPTcL6AEZ1t6F6fkgUWe', 'sellerReferral': 'autMW8SgBkVYeBgqYiTuJZnkvDZMVU2MHJh9Jh7CSQ2', 'expiry': -1}",{'moonrank': {'rank': 792}}
5,CZrGc8ojp3Fu41hRqnrDaxSvvYR4WxuA8W7DDEDgZNhq,8.9,E4yfwfyxavLRpChM3CJCLEQu7V8JAawHVJK5ABX4MiXH,BfuPFoQT2rMQZaoeSSqJZEXhSeqJxAhQHLSS9JYfaTgP,zilla_vs_kong,Zilla vs Kong,https://www.arweave.net/Bui_14hKFp28Tqzs1sOzm-2TFU20w7AgN_t_KTPSgR0?ext=png,Zilla Vs Kong #235,888 Zillas vs Kongz battling ferociously on the Solana metaverse,https://www.zillavskong.online,image,"[{'address': '669hFBSmaSYfE4CEsXF9Ji9gYenDHzRP32GmtofHQK2W', 'verified': 1, 'share': 0}, {'address': '53bWYjZVEAh4Auz2MM5KoNCNyjJY8zMC69Haucbn8e2P', 'verified': 0, 'share': 15}, {'address': '3XMEQojzo5EdzLbyzk6EFgVrAPvnjg1xBMki8gW4Tt9r', 'verified': 0, 'share': 65}, {'address': 'CB4iaoagb9EYh88gcaRyHe9oE1V8dCL4PqRMM79zQgaC', 'verified': 0, 'share': 10}, {'address': 'GGhxzApavqdL1o5Uwijmhd7KEo4hgGXMGu2ntr4qBM7f', 'verified': 0, 'share': 10}]",800,3TGtgByhoKN1LuvScHQw6QPMmVjidPDELPSUM6RSyrBX,"[{'trait_type': 'Type', 'value': 'Zilla'}, {'trait_type': 'Background', 'value': 'City'}, {'trait_type': 'Skins', 'value': 'Desert'}, {'trait_type': 'Neck', 'value': 'none'}, {'trait_type': 'Mouth', 'value': 'Pipe'}, {'trait_type': 'Head', 'value': 'none'}, {'trait_type': 'Eyes', 'value': 'Visor'}]","{'files': [{'uri': 'https://www.arweave.net/Bui_14hKFp28Tqzs1sOzm-2TFU20w7AgN_t_KTPSgR0?ext=png', 'type': 'image/png'}], 'category': 'image', 'creators': [{'address': '53bWYjZVEAh4Auz2MM5KoNCNyjJY8zMC69Haucbn8e2P', 'share': 15}, {'address': '3XMEQojzo5EdzLbyzk6EFgVrAPvnjg1xBMki8gW4Tt9r', 'share': 65}, {'address': 'CB4iaoagb9EYh88gcaRyHe9oE1V8dCL4PqRMM79zQgaC', 'share': 10}, {'address': 'GGhxzApavqdL1o5Uwijmhd7KEo4hgGXMGu2ntr4qBM7f', 'share': 10}]}",1,Gy82oV7DHCZMUNLkdiAusyTrijnLa2FDK7ryaXmXqjAE,1,{},False,"{'auctionHouseKey': 'E8cU1WiRWjanGxmn96ewBgk9vPTcL6AEZ1t6F6fkgUWe', 'sellerReferral': 'autMW8SgBkVYeBgqYiTuJZnkvDZMVU2MHJh9Jh7CSQ2', 'expiry': -1}",{'moonrank': {'rank': 495}}
6,CUaCPn3wvjjZoCjiW4CQSUNyffipZSsRHppGQHppjnRc,9.0,Li8XXwqNozmE9YJZJRUkDNRsrbPSiWvEJxhXNxKkTdb,rmEiNUj3zjzH7xGFHaWdUX8rHQbQFkVL3jZ6F9YLijH,zilla_vs_kong,Zilla vs Kong,https://www.arweave.net/QpgZ4S6CgMXQbgzEKdqQdOMsaXhHm7-B2Ia47Ol6y9w?ext=png,Zilla Vs Kong #838,888 Zillas vs Kongz battling ferociously on the Solana metaverse,https://www.zillavskong.online,image,"[{'address': '669hFBSmaSYfE4CEsXF9Ji9gYenDHzRP32GmtofHQK2W', 'verified': 1, 'share': 0}, {'address': '53bWYjZVEAh4Auz2MM5KoNCNyjJY8zMC69Haucbn8e2P', 'verified': 0, 'share': 15}, {'address': '3XMEQojzo5EdzLbyzk6EFgVrAPvnjg1xBMki8gW4Tt9r', 'verified': 0, 'share': 65}, {'address': 'CB4iaoagb9EYh88gcaRyHe9oE1V8dCL4PqRMM79zQgaC', 'verified': 0, 'share': 10}, {'address': 'GGhxzApavqdL1o5Uwijmhd7KEo4hgGXMGu2ntr4qBM7f', 'verified': 0, 'share': 10}]",800,2uX5LZLbAWjDHrD9wHT7kArp7nNLyoQKpDUYPckfjKRQ,"[{'trait_type': 'Type', 'value': 'Kong'}, {'trait_type': 'Background', 'value': 'Beach'}, {'trait_type': 'Skins', 'value': 'Zebra'}, {'trait_type': 'Neck', 'value': 'none'}, {'trait_type': 'Mouth', 'value': 'Fire'}, {'trait_type': 'Head', 'value': 'none'}, {'trait_type': 'Eyes', 'value': 'Coins'}]","{'files': [{'uri': 'https://www.arweave.net/QpgZ4S6CgMXQbgzEKdqQdOMsaXhHm7-B2Ia47Ol6y9w?ext=png', 'type': 'image/png'}], 'category': 'image', 'creators': [{'address': '53bWYjZVEAh4Auz2MM5KoNCNyjJY8zMC69Haucbn8e2P', 'share': 15}, {'address': '3XMEQojzo5EdzLbyzk6EFgVrAPvnjg1xBMki8gW4Tt9r', 'share': 65}, {'address': 'CB4iaoagb9EYh88gcaRyHe9oE1V8dCL4PqRMM79zQgaC', 'share': 10}, {'address': 'GGhxzApavqdL1o5Uwijmhd7KEo4hgGXMGu2ntr4qBM7f', 'share': 10}]}",1,Gy82oV7DHCZMUNLkdiAusyTrijnLa2FDK7ryaXmXqjAE,1,{},False,"{'auctionHouseKey': 'E8cU1WiRWjanGxmn96ewBgk9vPTcL6AEZ1t6F6fkgUWe', 'sellerReferral': 'autMW8SgBkVYeBgqYiTuJZnkvDZMVU2MHJh9Jh7CSQ2', 'expiry': -1}",{'moonrank': {'rank': 424}}
7,7ojntMfCXiP2wQpVeDU52PMWewBzyXvoWVpM4m5b5SQ6,9.5,8cm5ZjV9gc9oFQoLCazQWQRJMk3DBPAeHyzY7jCmoW4r,G9o1UQn94YxmSPMAY7nYn738pCrGSWHCUm8yLttCLfXN,zilla_vs_kong,Zilla vs Kong,https://www.arweave.net/jBaXyljB9uKV0a8vGzUu1DJOPYfYGBfU3q18AJPEhhU?ext=png,Zilla Vs Kong #134,888 Zillas vs Kongz battling ferociously on the Solana metaverse,https://www.zillavskong.online,image,"[{'address': '669hFBSmaSYfE4CEsXF9Ji9gYenDHzRP32GmtofHQK2W', 'verified': 1, 'share': 0}, {'address': '53bWYjZVEAh4Auz2MM5KoNCNyjJY8zMC69Haucbn8e2P', 'verified': 0, 'share': 15}, {'address': '3XMEQojzo5EdzLbyzk6EFgVrAPvnjg1xBMki8gW4Tt9r', 'verified': 0, 'share': 65}, {'address': 'CB4iaoagb9EYh88gcaRyHe9oE1V8dCL4PqRMM79zQgaC', 'verified': 0, 'share': 10}, {'address': 'GGhxzApavqdL1o5Uwijmhd7KEo4hgGXMGu2ntr4qBM7f', 'verified': 0, 'share': 10}]",800,F46mHUjLJ9a4ydkcFJuecbM49yjPJTqht4w7mK4AhCe6,"[{'trait_type': 'Type', 'value': 'Kong'}, {'trait_type': 'Background', 'value': 'Rainforest'}, {'trait_type': 'Skins', 'value': 'Alpha'}, {'trait_type': 'Neck', 'value': 'Gold chains'}, {'trait_type': 'Mouth', 'value': 'Cigarrette'}, {'trait_type': 'Head', 'value': 'none'}, {'trait_type': 'Eyes', 'value': 'Shades'}]","{'files': [{'uri': 'https://www.arweave.net/jBaXyljB9uKV0a8vGzUu1DJOPYfYGBfU3q18AJPEhhU?ext=png', 'type': 'image/png'}], 'category': 'image', 'creators': [{'address': '53bWYjZVEAh4Auz2MM5KoNCNyjJY8zMC69Haucbn8e2P', 'share': 15}, {'address': '3XMEQojzo5EdzLbyzk6EFgVrAPvnjg1xBMki8gW4Tt9r', 'share': 65}, {'address': 'CB4iaoagb9EYh88gcaRyHe9oE1V8dCL4PqRMM79zQgaC', 'share': 10}, {'address': 'GGhxzApavqdL1o5Uwijmhd7KEo4hgGXMGu2ntr4qBM7f', 'share': 10}]}",1,Gy82oV7DHCZMUNLkdiAusyTrijnLa2FDK7ryaXmXqjAE,1,{},False,"{'auctionHouseKey': 'E8cU1WiRWjanGxmn96ewBgk9vPTcL6AEZ1t6F6fkgUWe', 'sellerReferral': 'autMW8SgBkVYeBgqYiTuJZnkvDZMVU2MHJh9Jh7CSQ2', 'expiry': -1}",{'moonrank': {'rank': 349}}
8,5MnmPRXYhuxFQSsWebXzDQUe6cSHoJvDz5zCwH6BVymF,9.5,FeXnKEGXCQzgEoPEBAZERFTLaGRvqzwRnJugexmWjBKA,7kmqjxgRL2iGy1FftvqYaxHjTVmo5f6eruiZM4Vf6YaA,zilla_vs_kong,Zilla vs Kong,https://www.arweave.net/jivrRlmC6D8UyoPxYno1IrOq37-oZOOF-dZdyZhTfX8?ext=png,Zilla Vs Kong #0,888 Zillas vs Kongz battling ferociously on the Solana metaverse,https://www.zillavskong.online,image,"[{'address': '669hFBSmaSYfE4CEsXF9Ji9gYenDHzRP32GmtofHQK2W', 'verified': 1, 'share': 0}, {'address': '53bWYjZVEAh4Auz2MM5KoNCNyjJY8zMC69Haucbn8e2P', 'verified': 0, 'share': 15}, {'address': '3XMEQojzo5EdzLbyzk6EFgVrAPvnjg1xBMki8gW4Tt9r', 'verified': 0, 'share': 65}, {'address': 'CB4iaoagb9EYh88gcaRyHe9oE1V8dCL4PqRMM79zQgaC', 'verified': 0, 'share': 10}, {'address': 'GGhxzApavqdL1o5Uwijmhd7KEo4hgGXMGu2ntr4qBM7f', 'verified': 0, 'share': 10}]",800,8n3kbgm1yCpSAKsQGu79T61FFUFrxGz83NqHutTNGPxL,"[{'trait_type': 'Type', 'value': 'Kong'}, {'trait_type': 'Background', 'value': 'Beach'}, {'trait_type': 'Skins', 'value': 'Winter'}, {'trait_type': 'Neck', 'value': 'none'}, {'trait_type': 'Mouth', 'value': 'Cigarrette'}, {'trait_type': 'Head', 'value': 'Pirate hat'}, {'trait_type': 'Eyes', 'value': 'none'}]","{'files': [{'uri': 'https://www.arweave.net/jivrRlmC6D8UyoPxYno1IrOq37-oZOOF-dZdyZhTfX8?ext=png', 'type': 'image/png'}], 'category': 'image', 'creators': [{'address': '53bWYjZVEAh4Auz2MM5KoNCNyjJY8zMC69Haucbn8e2P', 'share': 15}, {'address': '3XMEQojzo5EdzLbyzk6EFgVrAPvnjg1xBMki8gW4Tt9r', 'share': 65}, {'address': 'CB4iaoagb9EYh88gcaRyHe9oE1V8dCL4PqRMM79zQgaC', 'share': 10}, {'address': 'GGhxzApavqdL1o5Uwijmhd7KEo4hgGXMGu2ntr4qBM7f', 'share': 10}]}",1,Gy82oV7DHCZMUNLkdiAusyTrijnLa2FDK7ryaXmXqjAE,1,{},False,"{'auctionHouseKey': 'E8cU1WiRWjanGxmn96ewBgk9vPTcL6AEZ1t6F6fkgUWe', 'sellerReferral': 'autMW8SgBkVYeBgqYiTuJZnkvDZMVU2MHJh9Jh7CSQ2', 'expiry': -1}",{'moonrank': {'rank': 607}}
9,FoMqHkZzQPYZe3DfAARey9qoY6NhTycvtejegqsVoQB,9.77,7g5DjcVQao7QL9Y1h1F3AtbFKx1krNTYBPkhBTDRLZSX,EajhyFKjYaK1UMDfUZibPoSdQyxvsE6F5opJqXDXapxc,zilla_vs_kong,Zilla vs Kong,https://www.arweave.net/wCdbI5J4DhvYWaA9PNAGxvEfK1DhaM6OWQFtdQNbx60?ext=png,Zilla Vs Kong #355,888 Zillas vs Kongz battling ferociously on the Solana metaverse,https://www.zillavskong.online,image,"[{'address': '669hFBSmaSYfE4CEsXF9Ji9gYenDHzRP32GmtofHQK2W', 'verified': 1, 'share': 0}, {'address': '53bWYjZVEAh4Auz2MM5KoNCNyjJY8zMC69Haucbn8e2P', 'verified': 0, 'share': 15}, {'address': '3XMEQojzo5EdzLbyzk6EFgVrAPvnjg1xBMki8gW4Tt9r', 'verified': 0, 'share': 65}, {'address': 'CB4iaoagb9EYh88gcaRyHe9oE1V8dCL4PqRMM79zQgaC', 'verified': 0, 'share': 10}, {'address': 'GGhxzApavqdL1o5Uwijmhd7KEo4hgGXMGu2ntr4qBM7f', 'verified': 0, 'share': 10}]",800,H8URxayLLuptSVzQGovHHbVvvEVLb1X3wydHkX5yXxFb,"[{'trait_type': 'Type', 'value': 'Zilla'}, {'trait_type': 'Background', 'value': 'City'}, {'trait_type': 'Skins', 'value': 'White'}, {'trait_type': 'Neck', 'value': 'none'}, {'trait_type': 'Mouth', 'value': 'Pipe'}, {'trait_type': 'Head', 'value': 'none'}, {'trait_type': 'Eyes', 'value': 'Shades'}]","{'files': [{'uri': 'https://www.arweave.net/wCdbI5J4DhvYWaA9PNAGxvEfK1DhaM6OWQFtdQNbx60?ext=png', 'type': 'image/png'}], 'category': 'image', 'creators': [{'address': '53bWYjZVEAh4Auz2MM5KoNCNyjJY8zMC69Haucbn8e2P', 'share': 15}, {'address': '3XMEQojzo5EdzLbyzk6EFgVrAPvnjg1xBMki8gW4Tt9r', 'share': 65}, {'address': 'CB4iaoagb9EYh88gcaRyHe9oE1V8dCL4PqRMM79zQgaC', 'share': 10}, {'address': 'GGhxzApavqdL1o5Uwijmhd7KEo4hgGXMGu2ntr4qBM7f', 'share': 10}]}",1,Gy82oV7DHCZMUNLkdiAusyTrijnLa2FDK7ryaXmXqjAE,1,{},False,"{'auctionHouseKey': 'E8cU1WiRWjanGxmn96ewBgk9vPTcL6AEZ1t6F6fkgUWe', 'sellerReferral': 'autMW8SgBkVYeBgqYiTuJZnkvDZMVU2MHJh9Jh7CSQ2', 'expiry': -1}",{'moonrank': {'rank': 572}}
10,7KU81rjoqRmivdZDF3n53b2oGp8MgroTwDBrWyibY4fq,9.8,29ZfRJFT9jrEF2nGnzb7g7QDfBBgh4ULHYwLcVeK4GHC,GEihzbZ7MVPTH8WppbWotWXzpuLNqe4NcXDtJtA7tFfV,zilla_vs_kong,Zilla vs Kong,https://www.arweave.net/gCzlUiRtv01r2s9UO1-FXWPC3dBOi63XgGMBBMZ8bag?ext=png,Zilla Vs Kong #529,888 Zillas vs Kongz battling ferociously on the Solana metaverse,https://www.zillavskong.online,image,"[{'address': '669hFBSmaSYfE4CEsXF9Ji9gYenDHzRP32GmtofHQK2W', 'verified': 1, 'share': 0}, {'address': '53bWYjZVEAh4Auz2MM5KoNCNyjJY8zMC69Haucbn8e2P', 'verified': 0, 'share': 15}, {'address': '3XMEQojzo5EdzLbyzk6EFgVrAPvnjg1xBMki8gW4Tt9r', 'verified': 0, 'share': 65}, {'address': 'CB4iaoagb9EYh88gcaRyHe9oE1V8dCL4PqRMM79zQgaC', 'verified': 0, 'share': 10}, {'address': 'GGhxzApavqdL1o5Uwijmhd7KEo4hgGXMGu2ntr4qBM7f', 'verified': 0, 'share': 10}]",800,4iFFHG9v7VUqDpqEiLMhw5XJK8XAE64tZEsMMXsLGct6,"[{'trait_type': 'Type', 'value': 'Zilla'}, {'trait_type': 'Background', 'value': 'Hot air baloon'}, {'trait_type': 'Skins', 'value': 'Alien'}, {'trait_type': 'Neck', 'value': 'none'}, {'trait_type': 'Mouth', 'value': 'Kong hand'}, {'trait_type': 'Head', 'value': 'none'}, {'trait_type': 'Eyes', 'value': 'Shades'}]","{'files': [{'uri': 'https://www.arweave.net/gCzlUiRtv01r2s9UO1-FXWPC3dBOi63XgGMBBMZ8bag?ext=png', 'type': 'image/png'}], 'category': 'image', 'creators': [{'address': '53bWYjZVEAh4Auz2MM5KoNCNyjJY8zMC69Haucbn8e2P', 'share': 15}, {'address': '3XMEQojzo5EdzLbyzk6EFgVrAPvnjg1xBMki8gW4Tt9r', 'share': 65}, {'address': 'CB4iaoagb9EYh88gcaRyHe9oE1V8dCL4PqRMM79zQgaC', 'share': 10}, {'address': 'GGhxzApavqdL1o5Uwijmhd7KEo4hgGXMGu2ntr4qBM7f', 'share': 10}]}",1,Gy82oV7DHCZMUNLkdiAusyTrijnLa2FDK7ryaXmXqjAE,1,{},False,"{'auctionHouseKey': 'E8cU1WiRWjanGxmn96ewBgk9vPTcL6AEZ1t6F6fkgUWe', 'sellerReferral': 'autMW8SgBkVYeBgqYiTuJZnkvDZMVU2MHJh9Jh7CSQ2', 'expiry': -1}",{'moonrank': {'rank': 339}}
11,3wSAmTr75mj6EKrkn3trBBUQ51BgwGPKBKm736f9V12m,9.9,DNAqLPYwoDHPpNoCtq1ujGuzzKE8DeHWU1YbiWsWyc8L,353PwZLrGWLUa2idMd3UGsnc2stK6B5PXLnuUpnpzQ6F,zilla_vs_kong,Zilla vs Kong,https://www.arweave.net/fH7H_dqpebif2Hlpmdo70xeUqpzpVdjsoGFcUtUhdYg?ext=png,Zilla Vs Kong #429,888 Zillas vs Kongz battling ferociously on the Solana metaverse,https://www.zillavskong.online,image,"[{'address': '669hFBSmaSYfE4CEsXF9Ji9gYenDHzRP32GmtofHQK2W', 'verified': 1, 'share': 0}, {'address': '53bWYjZVEAh4Auz2MM5KoNCNyjJY8zMC69Haucbn8e2P', 'verified': 0, 'share': 15}, {'address': '3XMEQojzo5EdzLbyzk6EFgVrAPvnjg1xBMki8gW4Tt9r', 'verified': 0, 'share': 65}, {'address': 'CB4iaoagb9EYh88gcaRyHe9oE1V8dCL4PqRMM79zQgaC', 'verified': 0, 'share': 10}, {'address': 'GGhxzApavqdL1o5Uwijmhd7KEo4hgGXMGu2ntr4qBM7f', 'verified': 0, 'share': 10}]",800,GUTAXNojNRhbmo1tmHQ3Y4BXe8x4VHDHLBWpJzSNYfhy,"[{'trait_type': 'Type', 'value': 'Zilla'}, {'trait_type': 'Background', 'value': 'Pool'}, {'trait_type': 'Skins', 'value': 'White'}, {'trait_type': 'Neck', 'value': 'Tie'}, {'trait_type': 'Mouth', 'value': 'Building'}, {'trait_type': 'Head', 'value': 'none'}, {'trait_type': 'Eyes', 'value': 'none'}]","{'files': [{'uri': 'https://www.arweave.net/fH7H_dqpebif2Hlpmdo70xeUqpzpVdjsoGFcUtUhdYg?ext=png', 'type': 'image/png'}], 'category': 'image', 'creators': [{'address': '53bWYjZVEAh4Auz2MM5KoNCNyjJY8zMC69Haucbn8e2P', 'share': 15}, {'address': '3XMEQojzo5EdzLbyzk6EFgVrAPvnjg1xBMki8gW4Tt9r', 'share': 65}, {'address': 'CB4iaoagb9EYh88gcaRyHe9oE1V8dCL4PqRMM79zQgaC', 'share': 10}, {'address': 'GGhxzApavqdL1o5Uwijmhd7KEo4hgGXMGu2ntr4qBM7f', 'share': 10}]}",1,Gy82oV7DHCZMUNLkdiAusyTrijnLa2FDK7ryaXmXqjAE,1,{},False,"{'auctionHouseKey': 'E8cU1WiRWjanGxmn96ewBgk9vPTcL6AEZ1t6F6fkgUWe', 'sellerReferral': 'autMW8SgBkVYeBgqYiTuJZnkvDZMVU2MHJh9Jh7CSQ2', 'expiry': -1}",{'moonrank': {'rank': 451}}
12,FSXxvQrx7GEWYAnQg7ry8q8Z7sGwhv6VsNvrFmDKj2T6,9.9,4P1VTdV5tiFB23Q4RfNeYX1Vndo9L3NuX7AHmyF5XeQH,353PwZLrGWLUa2idMd3UGsnc2stK6B5PXLnuUpnpzQ6F,zilla_vs_kong,Zilla vs Kong,https://www.arweave.net/_8X13ocb7cn48iqjakeXhVF3gdjXzdojJJ4UB4WNC0Y?ext=png,Zilla Vs Kong #180,888 Zillas vs Kongz battling ferociously on the Solana metaverse,https://www.zillavskong.online,image,"[{'address': '669hFBSmaSYfE4CEsXF9Ji9gYenDHzRP32GmtofHQK2W', 'verified': 1, 'share': 0}, {'address': '53bWYjZVEAh4Auz2MM5KoNCNyjJY8zMC69Haucbn8e2P', 'verified': 0, 'share': 15}, {'address': '3XMEQojzo5EdzLbyzk6EFgVrAPvnjg1xBMki8gW4Tt9r', 'verified': 0, 'share': 65}, {'address': 'CB4iaoagb9EYh88gcaRyHe9oE1V8dCL4PqRMM79zQgaC', 'verified': 0, 'share': 10}, {'address': 'GGhxzApavqdL1o5Uwijmhd7KEo4hgGXMGu2ntr4qBM7f', 'verified': 0, 'share': 10}]",800,3s1xoSLnct2MRfwkkPpjQLG7tXj3iLVE8b625CEBgjd4,"[{'trait_type': 'Type', 'value': 'Kong'}, {'trait_type': 'Background', 'value': 'Beach'}, {'trait_type': 'Skins', 'value': 'Zombie'}, {'trait_type': 'Neck', 'value': 'none'}, {'trait_type': 'Mouth', 'value': 'none'}, {'trait_type': 'Head', 'value': 'Viking helmet'}, {'trait_type': 'Eyes', 'value': 'none'}]","{'files': [{'uri': 'https://www.arweave.net/_8X13ocb7cn48iqjakeXhVF3gdjXzdojJJ4UB4WNC0Y?ext=png', 'type': 'image/png'}], 'category': 'image', 'creators': [{'address': '53bWYjZVEAh4Auz2MM5KoNCNyjJY8zMC69Haucbn8e2P', 'share': 15}, {'address': '3XMEQojzo5EdzLbyzk6EFgVrAPvnjg1xBMki8gW4Tt9r', 'share': 65}, {'address': 'CB4iaoagb9EYh88gcaRyHe9oE1V8dCL4PqRMM79zQgaC', 'share': 10}, {'address': 'GGhxzApavqdL1o5Uwijmhd7KEo4hgGXMGu2ntr4qBM7f', 'share': 10}]}",1,Gy82oV7DHCZMUNLkdiAusyTrijnLa2FDK7ryaXmXqjAE,1,{},False,"{'auctionHouseKey': 'E8cU1WiRWjanGxmn96ewBgk9vPTcL6AEZ1t6F6fkgUWe', 'sellerReferral': 'autMW8SgBkVYeBgqYiTuJZnkvDZMVU2MHJh9Jh7CSQ2', 'expiry': -1}",{'moonrank': {'rank': 743}}
13,7QSpwQzn9XKUZRuWzDUvoePGiLNbmgcYjW6jFLKFkiYC,9.99,7tYEmBGxzXMhTzbMSQ8sUYP4fJv37x2LCq64Tx3oVGWc,552942JDRBt6Efj8dcmARHx9MYyn4iv2NgVyP3J7GdBY,zilla_vs_kong,Zilla vs Kong,https://www.arweave.net/Em-TOYO3KIJh5eoZ33ST-E9UyiIWIwXvgSkUbsyavDM?ext=png,Zilla Vs Kong #331,888 Zillas vs Kongz battling ferociously on the Solana metaverse,https://www.zillavskong.online,image,"[{'address': '669hFBSmaSYfE4CEsXF9Ji9gYenDHzRP32GmtofHQK2W', 'verified': 1, 'share': 0}, {'address': '53bWYjZVEAh4Auz2MM5KoNCNyjJY8zMC69Haucbn8e2P', 'verified': 0, 'share': 15}, {'address': '3XMEQojzo5EdzLbyzk6EFgVrAPvnjg1xBMki8gW4Tt9r', 'verified': 0, 'share': 65}, {'address': 'CB4iaoagb9EYh88gcaRyHe9oE1V8dCL4PqRMM79zQgaC', 'verified': 0, 'share': 10}, {'address': 'GGhxzApavqdL1o5Uwijmhd7KEo4hgGXMGu2ntr4qBM7f', 'verified': 0, 'share': 10}]",800,FAryYQzzHh6TNNWDJp4SuqKNwuben13D1KfhorsjvTSN,"[{'trait_type': 'Type', 'value': 'Zilla'}, {'trait_type': 'Background', 'value': 'Fast food'}, {'trait_type': 'Skins', 'value': 'Alpha'}, {'trait_type': 'Neck', 'value': 'none'}, {'trait_type': 'Mouth', 'value': 'none'}, {'trait_type': 'Head', 'value': 'Horns'}, {'trait_type': 'Eyes', 'value': 'Rainbow Glasses'}]","{'files': [{'uri': 'https://www.arweave.net/Em-TOYO3KIJh5eoZ33ST-E9UyiIWIwXvgSkUbsyavDM?ext=png', 'type': 'image/png'}], 'category': 'image', 'creators': [{'address': '53bWYjZVEAh4Auz2MM5KoNCNyjJY8zMC69Haucbn8e2P', 'share': 15}, {'address': '3XMEQojzo5EdzLbyzk6EFgVrAPvnjg1xBMki8gW4Tt9r', 'share': 65}, {'address': 'CB4iaoagb9EYh88gcaRyHe9oE1V8dCL4PqRMM79zQgaC', 'share': 10}, {'address': 'GGhxzApavqdL1o5Uwijmhd7KEo4hgGXMGu2ntr4qBM7f', 'share': 10}]}",1,Gy82oV7DHCZMUNLkdiAusyTrijnLa2FDK7ryaXmXqjAE,1,{},False,"{'auctionHouseKey': 'E8cU1WiRWjanGxmn96ewBgk9vPTcL6AEZ1t6F6fkgUWe', 'sellerReferral': 'autMW8SgBkVYeBgqYiTuJZnkvDZMVU2MHJh9Jh7CSQ2', 'expiry': -1}",{'moonrank': {'rank': 574}}
14,5JaEVfeKrKqjvRU2wLVNhM9hbk4X72Eg7fQ5s6C7iatg,10.0,BAaw5BR7MrB6gevkDoR3xDJNTU8ukwmtMmdysZV7czWd,6jujNnpw1WiRFf1jNip3Bi6ycK7usqpQkaCe79nRum94,zilla_vs_kong,Zilla vs Kong,https://www.arweave.net/EYsK42h-CADZ02gZ2mMk8IOMHzYNhm7s1IQlTIzz-pw?ext=png,Zilla Vs Kong #281,888 Zillas vs Kongz battling ferociously on the Solana metaverse,https://www.zillavskong.online,image,"[{'address': '669hFBSmaSYfE4CEsXF9Ji9gYenDHzRP32GmtofHQK2W', 'verified': 1, 'share': 0}, {'address': '53bWYjZVEAh4Auz2MM5KoNCNyjJY8zMC69Haucbn8e2P', 'verified': 0, 'share': 15}, {'address': '3XMEQojzo5EdzLbyzk6EFgVrAPvnjg1xBMki8gW4Tt9r', 'verified': 0, 'share': 65}, {'address': 'CB4iaoagb9EYh88gcaRyHe9oE1V8dCL4PqRMM79zQgaC', 'verified': 0, 'share': 10}, {'address': 'GGhxzApavqdL1o5Uwijmhd7KEo4hgGXMGu2ntr4qBM7f', 'verified': 0, 'share': 10}]",800,Hnak2QoBhr19ysxDokSLR2ZeYwoxGkBpbPuLTxmJ35pm,"[{'trait_type': 'Type', 'value': 'Zilla'}, {'trait_type': 'Background', 'value': 'Desert'}, {'trait_type': 'Skins', 'value': 'White'}, {'trait_type': 'Neck', 'value': 'Tie'}, {'trait_type': 'Mouth', 'value': 'Pipe'}, {'trait_type': 'Head', 'value': 'none'}, {'trait_type': 'Eyes', 'value': 'Glowing'}]","{'files': [{'uri': 'https://www.arweave.net/EYsK42h-CADZ02gZ2mMk8IOMHzYNhm7s1IQlTIzz-pw?ext=png', 'type': 'image/png'}], 'category': 'image', 'creators': [{'address': '53bWYjZVEAh4Auz2MM5KoNCNyjJY8zMC69Haucbn8e2P', 'share': 15}, {'address': '3XMEQojzo5EdzLbyzk6EFgVrAPvnjg1xBMki8gW4Tt9r', 'share': 65}, {'address': 'CB4iaoagb9EYh88gcaRyHe9oE1V8dCL4PqRMM79zQgaC', 'share': 10}, {'address': 'GGhxzApavqdL1o5Uwijmhd7KEo4hgGXMGu2ntr4qBM7f', 'share': 10}]}",1,Gy82oV7DHCZMUNLkdiAusyTrijnLa2FDK7ryaXmXqjAE,1,{},False,"{'auctionHouseKey': 'E8cU1WiRWjanGxmn96ewBgk9vPTcL6AEZ1t6F6fkgUWe', 'sellerReferral': 'autMW8SgBkVYeBgqYiTuJZnkvDZMVU2MHJh9Jh7CSQ2', 'expiry': -1}",{'moonrank': {'rank': 182}}
15,EppiacrnRz4uTdC47goEHXCgQfH3pzG3ZwBYDAVLZmgX,10.0,5CEvK6F7UhAr5JERcQD7p6m1FaMHwLWKrRD2KsbH4m5o,9dDSAFqLP7Uew6ESoWrCWRECgdZpJVbjD2CKjAoiSmQz,zilla_vs_kong,Zilla vs Kong,https://www.arweave.net/E7dFRSRAW869w5LGTj3pFfxtzArN8dKbYyi5gLs6MXo?ext=png,Zilla Vs Kong #532,888 Zillas vs Kongz battling ferociously on the Solana metaverse,https://www.zillavskong.online,image,"[{'address': '669hFBSmaSYfE4CEsXF9Ji9gYenDHzRP32GmtofHQK2W', 'verified': 1, 'share': 0}, {'address': '53bWYjZVEAh4Auz2MM5KoNCNyjJY8zMC69Haucbn8e2P', 'verified': 0, 'share': 15}, {'address': '3XMEQojzo5EdzLbyzk6EFgVrAPvnjg1xBMki8gW4Tt9r', 'verified': 0, 'share': 65}, {'address': 'CB4iaoagb9EYh88gcaRyHe9oE1V8dCL4PqRMM79zQgaC', 'verified': 0, 'share': 10}, {'address': 'GGhxzApavqdL1o5Uwijmhd7KEo4hgGXMGu2ntr4qBM7f', 'verified': 0, 'share': 10}]",800,2VmyQqjBpW9pQchj3Eidw3JD7K7qznW4buXwZMWSqWvt,"[{'trait_type': 'Type', 'value': 'Kong'}, {'trait_type': 'Background', 'value': 'Cabin'}, {'trait_type': 'Skins', 'value': 'Alpha'}, {'trait_type': 'Neck', 'value': 'none'}, {'trait_type': 'Mouth', 'value': 'Rose'}, {'trait_type': 'Head', 'value': 'none'}, {'trait_type': 'Eyes', 'value': 'Coins'}]","{'files': [{'uri': 'https://www.arweave.net/E7dFRSRAW869w5LGTj3pFfxtzArN8dKbYyi5gLs6MXo?ext=png', 'type': 'image/png'}], 'category': 'image', 'creators': [{'address': '53bWYjZVEAh4Auz2MM5KoNCNyjJY8zMC69Haucbn8e2P', 'share': 15}, {'address': '3XMEQojzo5EdzLbyzk6EFgVrAPvnjg1xBMki8gW4Tt9r', 'share': 65}, {'address': 'CB4iaoagb9EYh88gcaRyHe9oE1V8dCL4PqRMM79zQgaC', 'share': 10}, {'address': 'GGhxzApavqdL1o5Uwijmhd7KEo4hgGXMGu2ntr4qBM7f', 'share': 10}]}",1,Gy82oV7DHCZMUNLkdiAusyTrijnLa2FDK7ryaXmXqjAE,1,{},False,"{'auctionHouseKey': 'E8cU1WiRWjanGxmn96ewBgk9vPTcL6AEZ1t6F6fkgUWe', 'sellerReferral': 'autMW8SgBkVYeBgqYiTuJZnkvDZMVU2MHJh9Jh7CSQ2', 'expiry': -1}",{'moonrank': {'rank': 456}}
16,2bzqayYJJQbw82aA9LwJC6Wo1dTDTdkRDCeAsEgYNa9P,10.0,BYuV4SNQSwdsk8ro8G4GVthcGGwkXFQKaMkjp1yNZBmi,6MCHoXfeRWi3zKaduWpFsBRgZRpiTbfvy8H7wtizPW1p,zilla_vs_kong,Zilla vs Kong,https://www.arweave.net/RpxUZNX651YzDUk7vEtyMCeMC9CGwHPhykd4c-ZhQEM?ext=png,Zilla Vs Kong #169,888 Zillas vs Kongz battling ferociously on the Solana metaverse,https://www.zillavskong.online,image,"[{'address': '669hFBSmaSYfE4CEsXF9Ji9gYenDHzRP32GmtofHQK2W', 'verified': 1, 'share': 0}, {'address': '53bWYjZVEAh4Auz2MM5KoNCNyjJY8zMC69Haucbn8e2P', 'verified': 0, 'share': 15}, {'address': '3XMEQojzo5EdzLbyzk6EFgVrAPvnjg1xBMki8gW4Tt9r', 'verified': 0, 'share': 65}, {'address': 'CB4iaoagb9EYh88gcaRyHe9oE1V8dCL4PqRMM79zQgaC', 'verified': 0, 'share': 10}, {'address': 'GGhxzApavqdL1o5Uwijmhd7KEo4hgGXMGu2ntr4qBM7f', 'verified': 0, 'share': 10}]",800,Ap8vExaMpwUpZUq4VErYZdbt4fikkG4eisWncKZSo1cH,"[{'trait_type': 'Type', 'value': 'Zilla'}, {'trait_type': 'Background', 'value': 'Desert'}, {'trait_type': 'Skins', 'value': 'Rainbow'}, {'trait_type': 'Neck', 'value': 'Metal bolts'}, {'trait_type': 'Mouth', 'value': 'Blue fire'}, {'trait_type': 'Head', 'value': 'none'}, {'trait_type': 'Eyes', 'value': 'Shades'}]","{'files': [{'uri': 'https://www.arweave.net/RpxUZNX651YzDUk7vEtyMCeMC9CGwHPhykd4c-ZhQEM?ext=png', 'type': 'image/png'}], 'category': 'image', 'creators': [{'address': '53bWYjZVEAh4Auz2MM5KoNCNyjJY8zMC69Haucbn8e2P', 'share': 15}, {'address': '3XMEQojzo5EdzLbyzk6EFgVrAPvnjg1xBMki8gW4Tt9r', 'share': 65}, {'address': 'CB4iaoagb9EYh88gcaRyHe9oE1V8dCL4PqRMM79zQgaC', 'share': 10}, {'address': 'GGhxzApavqdL1o5Uwijmhd7KEo4hgGXMGu2ntr4qBM7f', 'share': 10}]}",1,Gy82oV7DHCZMUNLkdiAusyTrijnLa2FDK7ryaXmXqjAE,1,{},False,"{'auctionHouseKey': 'E8cU1WiRWjanGxmn96ewBgk9vPTcL6AEZ1t6F6fkgUWe', 'sellerReferral': 'autMW8SgBkVYeBgqYiTuJZnkvDZMVU2MHJh9Jh7CSQ2', 'expiry': -1}",{'moonrank': {'rank': 85}}
17,nArRU5xbVFGa5379LLhUizS3CBkddKXdQC4bWE5UN9c,10.5,9sp3LNCsMEfG1b8sdAzMn87PodeQ4Gc1GjLjw5WVwUsK,2Pwh6zjkQKaTzrc13giCSN7yWRPpxPmqxvhcWKurGgPn,zilla_vs_kong,Zilla vs Kong,https://www.arweave.net/pTfaqoQsvq5DCOGtApQFiYSrHAP9NsmCdUj3LO6523c?ext=png,Zilla Vs Kong #177,888 Zillas vs Kongz battling ferociously on the Solana metaverse,https://www.zillavskong.online,image,"[{'address': '669hFBSmaSYfE4CEsXF9Ji9gYenDHzRP32GmtofHQK2W', 'verified': 1, 'share': 0}, {'address': '53bWYjZVEAh4Auz2MM5KoNCNyjJY8zMC69Haucbn8e2P', 'verified': 0, 'share': 15}, {'address': '3XMEQojzo5EdzLbyzk6EFgVrAPvnjg1xBMki8gW4Tt9r', 'verified': 0, 'share': 65}, {'address': 'CB4iaoagb9EYh88gcaRyHe9oE1V8dCL4PqRMM79zQgaC', 'verified': 0, 'share': 10}, {'address': 'GGhxzApavqdL1o5Uwijmhd7KEo4hgGXMGu2ntr4qBM7f', 'verified': 0, 'share': 10}]",800,Fig6eAus6Axfz3qbaHC6UPNUDk3rZjTjyztmVbYDV2UQ,"[{'trait_type': 'Type', 'value': 'Zilla'}, {'trait_type': 'Background', 'value': 'Pool'}, {'trait_type': 'Skins', 'value': 'Skeleton'}, {'trait_type': 'Neck', 'value': 'Tie'}, {'trait_type': 'Mouth', 'value': 'Blue fire'}, {'trait_type': 'Head', 'value': 'none'}, {'trait_type': 'Eyes', 'value': 'none'}]","{'files': [{'uri': 'https://www.arweave.net/pTfaqoQsvq5DCOGtApQFiYSrHAP9NsmCdUj3LO6523c?ext=png', 'type': 'image/png'}], 'category': 'image', 'creators': [{'address': '53bWYjZVEAh4Auz2MM5KoNCNyjJY8zMC69Haucbn8e2P', 'share': 15}, {'address': '3XMEQojzo5EdzLbyzk6EFgVrAPvnjg1xBMki8gW4Tt9r', 'share': 65}, {'address': 'CB4iaoagb9EYh88gcaRyHe9oE1V8dCL4PqRMM79zQgaC', 'share': 10}, {'address': 'GGhxzApavqdL1o5Uwijmhd7KEo4hgGXMGu2ntr4qBM7f', 'share': 10}]}",1,Gy82oV7DHCZMUNLkdiAusyTrijnLa2FDK7ryaXmXqjAE,1,{},False,"{'auctionHouseKey': 'E8cU1WiRWjanGxmn96ewBgk9vPTcL6AEZ1t6F6fkgUWe', 'sellerReferral': 'autMW8SgBkVYeBgqYiTuJZnkvDZMVU2MHJh9Jh7CSQ2', 'expiry': -1}",{'moonrank': {'rank': 417}}
18,AZcGZ7wJKVYZHLsShWkB1SL6eY177ocqvrPY4n2VP7sr,10.9,6snqiDuNB9t553nYzRpqbji2gY2cZfgnYaXsZsww7WHP,CrdyU6dUqC5i2tYdXFitrBNgGiSbtF5ndRqqFqyG3ykY,zilla_vs_kong,Zilla vs Kong,https://www.arweave.net/ovrVOmYmqPv27uaYpZJc3bRjsMkYqq4pt99xGDIXLhs?ext=png,Zilla Vs Kong #505,888 Zillas vs Kongz battling ferociously on the Solana metaverse,https://www.zillavskong.online,image,"[{'address': '669hFBSmaSYfE4CEsXF9Ji9gYenDHzRP32GmtofHQK2W', 'verified': 1, 'share': 0}, {'address': '53bWYjZVEAh4Auz2MM5KoNCNyjJY8zMC69Haucbn8e2P', 'verified': 0, 'share': 15}, {'address': '3XMEQojzo5EdzLbyzk6EFgVrAPvnjg1xBMki8gW4Tt9r', 'verified': 0, 'share': 65}, {'address': 'CB4iaoagb9EYh88gcaRyHe9oE1V8dCL4PqRMM79zQgaC', 'verified': 0, 'share': 10}, {'address': 'GGhxzApavqdL1o5Uwijmhd7KEo4hgGXMGu2ntr4qBM7f', 'verified': 0, 'share': 10}]",800,Ec6UEyahzdtjBsUXbz3J73nE6tRDkTesojGVoW9as5zk,"[{'trait_type': 'Type', 'value': 'Zilla'}, {'trait_type': 'Background', 'value': 'Desert'}, {'trait_type': 'Skins', 'value': 'White'}, {'trait_type': 'Neck', 'value': 'Spikes'}, {'trait_type': 'Mouth', 'value': 'none'}, {'trait_type': 'Head', 'value': 'Samurai'}, {'trait_type': 'Eyes', 'value': 'none'}]","{'files': [{'uri': 'https://www.arweave.net/ovrVOmYmqPv27uaYpZJc3bRjsMkYqq4pt99xGDIXLhs?ext=png', 'type': 'image/png'}], 'category': 'image', 'creators': [{'address': '53bWYjZVEAh4Auz2MM5KoNCNyjJY8zMC69Haucbn8e2P', 'share': 15}, {'address': '3XMEQojzo5EdzLbyzk6EFgVrAPvnjg1xBMki8gW4Tt9r', 'share': 65}, {'address': 'CB4iaoagb9EYh88gcaRyHe9oE1V8dCL4PqRMM79zQgaC', 'share': 10}, {'address': 'GGhxzApavqdL1o5Uwijmhd7KEo4hgGXMGu2ntr4qBM7f', 'share': 10}]}",1,Gy82oV7DHCZMUNLkdiAusyTrijnLa2FDK7ryaXmXqjAE,1,{},False,"{'auctionHouseKey': 'E8cU1WiRWjanGxmn96ewBgk9vPTcL6AEZ1t6F6fkgUWe', 'sellerReferral': 'autMW8SgBkVYeBgqYiTuJZnkvDZMVU2MHJh9Jh7CSQ2', 'expiry': -1}",{'moonrank': {'rank': 344}}
19,7Ch8B9KdniXtA1jTrSeRA4izLGKroX7Fs88iJdPSHUzV,11.0,3FWyBwqfkBhNqCRBsEGgJ1hgJvEMKGmWFsMVQuByqjfM,HYKj7ykJWCfvm8VKWVT3nr332tKGwGoa4vq4G135qj5P,zilla_vs_kong,Zilla vs Kong,https://www.arweave.net/LPIiumIcXwO1-6QW3XuRkdUPBppayqvuQNz67BhYE9o?ext=png,Zilla Vs Kong #442,888 Zillas vs Kongz battling ferociously on the Solana metaverse,https://www.zillavskong.online,image,"[{'address': '669hFBSmaSYfE4CEsXF9Ji9gYenDHzRP32GmtofHQK2W', 'verified': 1, 'share': 0}, {'address': '53bWYjZVEAh4Auz2MM5KoNCNyjJY8zMC69Haucbn8e2P', 'verified': 0, 'share': 15}, {'address': '3XMEQojzo5EdzLbyzk6EFgVrAPvnjg1xBMki8gW4Tt9r', 'verified': 0, 'share': 65}, {'address': 'CB4iaoagb9EYh88gcaRyHe9oE1V8dCL4PqRMM79zQgaC', 'verified': 0, 'share': 10}, {'address': 'GGhxzApavqdL1o5Uwijmhd7KEo4hgGXMGu2ntr4qBM7f', 'verified': 0, 'share': 10}]",800,7wtMAcv4AACT2fxpacWiPBapBQX8gyYZe8LbYXLC5U3G,"[{'trait_type': 'Type', 'value': 'Kong'}, {'trait_type': 'Background', 'value': 'Mountains'}, {'trait_type': 'Skins', 'value': 'Zombie'}, {'trait_type': 'Neck', 'value': 'none'}, {'trait_type': 'Mouth', 'value': 'none'}, {'trait_type': 'Head', 'value': 'none'}, {'trait_type': 'Eyes', 'value': 'Fire'}]","{'files': [{'uri': 'https://www.arweave.net/LPIiumIcXwO1-6QW3XuRkdUPBppayqvuQNz67BhYE9o?ext=png', 'type': 'image/png'}], 'category': 'image', 'creators': [{'address': '53bWYjZVEAh4Auz2MM5KoNCNyjJY8zMC69Haucbn8e2P', 'share': 15}, {'address': '3XMEQojzo5EdzLbyzk6EFgVrAPvnjg1xBMki8gW4Tt9r', 'share': 65}, {'address': 'CB4iaoagb9EYh88gcaRyHe9oE1V8dCL4PqRMM79zQgaC', 'share': 10}, {'address': 'GGhxzApavqdL1o5Uwijmhd7KEo4hgGXMGu2ntr4qBM7f', 'share': 10}]}",1,Gy82oV7DHCZMUNLkdiAusyTrijnLa2FDK7ryaXmXqjAE,1,{},False,"{'auctionHouseKey': 'E8cU1WiRWjanGxmn96ewBgk9vPTcL6AEZ1t6F6fkgUWe', 'sellerReferral': 'autMW8SgBkVYeBgqYiTuJZnkvDZMVU2MHJh9Jh7CSQ2', 'expiry': -1}",{'moonrank': {'rank': 604}}
20,DALstSvGwFEbMPxZzE7CNJ8QcStAy5fSM76JxN8QGh5H,11.0,4rLvaBP6GiQaUQSJ82BkV9sy81EGpUWHx6dVdPZW1af5,63VQyh8nMuaGQm1FzoKUUYZBzcdGDPnY9woE9Ufdcu7t,zilla_vs_kong,Zilla vs Kong,https://www.arweave.net/3hctC2vYRCBj6iXUSYxId34ePTGAHXuZ-1TL8k_KVcE?ext=png,Zilla Vs Kong #491,888 Zillas vs Kongz battling ferociously on the Solana metaverse,https://www.zillavskong.online,image,"[{'address': '669hFBSmaSYfE4CEsXF9Ji9gYenDHzRP32GmtofHQK2W', 'verified': 1, 'share': 0}, {'address': '53bWYjZVEAh4Auz2MM5KoNCNyjJY8zMC69Haucbn8e2P', 'verified': 0, 'share': 15}, {'address': '3XMEQojzo5EdzLbyzk6EFgVrAPvnjg1xBMki8gW4Tt9r', 'verified': 0, 'share': 65}, {'address': 'CB4iaoagb9EYh88gcaRyHe9oE1V8dCL4PqRMM79zQgaC', 'verified': 0, 'share': 10}, {'address': 'GGhxzApavqdL1o5Uwijmhd7KEo4hgGXMGu2ntr4qBM7f', 'verified': 0, 'share': 10}]",800,7rz3BhsZnRzKmH3N52nmb73XHq7hrieGoAzPpqp32VP9,"[{'trait_type': 'Type', 'value': 'Zilla'}, {'trait_type': 'Background', 'value': 'Hot air baloon'}, {'trait_type': 'Skins', 'value': 'Rainbow'}, {'trait_type': 'Neck', 'value': 'none'}, {'trait_type': 'Mouth', 'value': 'none'}, {'trait_type': 'Head', 'value': 'none'}, {'trait_type': 'Eyes', 'value': 'none'}]","{'files': [{'uri': 'https://www.arweave.net/3hctC2vYRCBj6iXUSYxId34ePTGAHXuZ-1TL8k_KVcE?ext=png', 'type': 'image/png'}], 'category': 'image', 'creators': [{'address': '53bWYjZVEAh4Auz2MM5KoNCNyjJY8zMC69Haucbn8e2P', 'share': 15}, {'address': '3XMEQojzo5EdzLbyzk6EFgVrAPvnjg1xBMki8gW4Tt9r', 'share': 65}, {'address': 'CB4iaoagb9EYh88gcaRyHe9oE1V8dCL4PqRMM79zQgaC', 'share': 10}, {'address': 'GGhxzApavqdL1o5Uwijmhd7KEo4hgGXMGu2ntr4qBM7f', 'share': 10}]}",1,Gy82oV7DHCZMUNLkdiAusyTrijnLa2FDK7ryaXmXqjAE,1,{},False,"{'auctionHouseKey': 'E8cU1WiRWjanGxmn96ewBgk9vPTcL6AEZ1t6F6fkgUWe', 'sellerReferral': 'autMW8SgBkVYeBgqYiTuJZnkvDZMVU2MHJh9Jh7CSQ2', 'expiry': -1}",{'moonrank': {'rank': 824}}
21,DUyiRuqqDVSFF6GAAwWNnQwivBNEt2EeCPTaJua97hcZ,11.0,6navCqRLsDwswfQin6JospE7jqKcY8uEh5Y7yBE18zKQ,B8zudDxKhhR6zrUt5SrhmEWfvv3pz57dTURM6dvJBZLx,zilla_vs_kong,Zilla vs Kong,https://www.arweave.net/nAZguptaq0Gt7B3vYCQyKZmvy5p_NvGBPGxeOV_rHHk?ext=png,Zilla Vs Kong #887,888 Zillas vs Kongz battling ferociously on the Solana metaverse,https://www.zillavskong.online,image,"[{'address': '669hFBSmaSYfE4CEsXF9Ji9gYenDHzRP32GmtofHQK2W', 'verified': 1, 'share': 0}, {'address': '53bWYjZVEAh4Auz2MM5KoNCNyjJY8zMC69Haucbn8e2P', 'verified': 0, 'share': 15}, {'address': '3XMEQojzo5EdzLbyzk6EFgVrAPvnjg1xBMki8gW4Tt9r', 'verified': 0, 'share': 65}, {'address': 'CB4iaoagb9EYh88gcaRyHe9oE1V8dCL4PqRMM79zQgaC', 'verified': 0, 'share': 10}, {'address': 'GGhxzApavqdL1o5Uwijmhd7KEo4hgGXMGu2ntr4qBM7f', 'verified': 0, 'share': 10}]",800,EiX2gzPrzcNmrobnUNKmXuGEoCrVXiiKPq25GmZKfeQU,"[{'trait_type': 'Type', 'value': 'Zilla'}, {'trait_type': 'Background', 'value': 'Pool'}, {'trait_type': 'Skins', 'value': 'Alien'}, {'trait_type': 'Neck', 'value': 'Tie'}, {'trait_type': 'Mouth', 'value': 'none'}, {'trait_type': 'Head', 'value': 'Horns'}, {'trait_type': 'Eyes', 'value': 'Shades'}]","{'files': [{'uri': 'https://www.arweave.net/nAZguptaq0Gt7B3vYCQyKZmvy5p_NvGBPGxeOV_rHHk?ext=png', 'type': 'image/png'}], 'category': 'image', 'creators': [{'address': '53bWYjZVEAh4Auz2MM5KoNCNyjJY8zMC69Haucbn8e2P', 'share': 15}, {'address': '3XMEQojzo5EdzLbyzk6EFgVrAPvnjg1xBMki8gW4Tt9r', 'share': 65}, {'address': 'CB4iaoagb9EYh88gcaRyHe9oE1V8dCL4PqRMM79zQgaC', 'share': 10}, {'address': 'GGhxzApavqdL1o5Uwijmhd7KEo4hgGXMGu2ntr4qBM7f', 'share': 10}]}",1,Gy82oV7DHCZMUNLkdiAusyTrijnLa2FDK7ryaXmXqjAE,1,{},False,"{'auctionHouseKey': 'E8cU1WiRWjanGxmn96ewBgk9vPTcL6AEZ1t6F6fkgUWe', 'sellerReferral': 'autMW8SgBkVYeBgqYiTuJZnkvDZMVU2MHJh9Jh7CSQ2', 'expiry': -1}",{'moonrank': {'rank': 320}}
22,Ey73MpPcgp6gxUM93BkwPTSdSFyDRwFcWSijA5ZCsJv7,11.0,EXXrdyCRV83FVif7hjzEQdc1vmhgB2UnCAF8Hi8QedHH,EgbTx7ZXEPDoiMt4YVQkGgdKeQiDfgXPq11z5VD5QMEc,zilla_vs_kong,Zilla vs Kong,https://www.arweave.net/ELVQGupAk3AWFXLOKBx1Sqv_vQfjjH_EOoHtTnjiiB8?ext=png,Zilla Vs Kong #397,888 Zillas vs Kongz battling ferociously on the Solana metaverse,https://www.zillavskong.online,image,"[{'address': '669hFBSmaSYfE4CEsXF9Ji9gYenDHzRP32GmtofHQK2W', 'verified': 1, 'share': 0}, {'address': '53bWYjZVEAh4Auz2MM5KoNCNyjJY8zMC69Haucbn8e2P', 'verified': 0, 'share': 15}, {'address': '3XMEQojzo5EdzLbyzk6EFgVrAPvnjg1xBMki8gW4Tt9r', 'verified': 0, 'share': 65}, {'address': 'CB4iaoagb9EYh88gcaRyHe9oE1V8dCL4PqRMM79zQgaC', 'verified': 0, 'share': 10}, {'address': 'GGhxzApavqdL1o5Uwijmhd7KEo4hgGXMGu2ntr4qBM7f', 'verified': 0, 'share': 10}]",800,9Va6jLEdoL121W95VgGgjaGy8vNrZbx33QaVWUgcdJvW,"[{'trait_type': 'Type', 'value': 'Zilla'}, {'trait_type': 'Background', 'value': 'Desert'}, {'trait_type': 'Skins', 'value': 'Skeleton'}, {'trait_type': 'Neck', 'value': 'none'}, {'trait_type': 'Mouth', 'value': 'Blunt'}, {'trait_type': 'Head', 'value': 'none'}, {'trait_type': 'Eyes', 'value': 'Visor'}]","{'files': [{'uri': 'https://www.arweave.net/ELVQGupAk3AWFXLOKBx1Sqv_vQfjjH_EOoHtTnjiiB8?ext=png', 'type': 'image/png'}], 'category': 'image', 'creators': [{'address': '53bWYjZVEAh4Auz2MM5KoNCNyjJY8zMC69Haucbn8e2P', 'share': 15}, {'address': '3XMEQojzo5EdzLbyzk6EFgVrAPvnjg1xBMki8gW4Tt9r', 'share': 65}, {'address': 'CB4iaoagb9EYh88gcaRyHe9oE1V8dCL4PqRMM79zQgaC', 'share': 10}, {'address': 'GGhxzApavqdL1o5Uwijmhd7KEo4hgGXMGu2ntr4qBM7f', 'share': 10}]}",1,Gy82oV7DHCZMUNLkdiAusyTrijnLa2FDK7ryaXmXqjAE,1,{},False,"{'auctionHouseKey': 'E8cU1WiRWjanGxmn96ewBgk9vPTcL6AEZ1t6F6fkgUWe', 'sellerReferral': 'autMW8SgBkVYeBgqYiTuJZnkvDZMVU2MHJh9Jh7CSQ2', 'expiry': -1}",{'moonrank': {'rank': 420}}
23,4ajRhysd9zWJQmbtkGVe4Hh8SB1JcioRcu67tomDrm45,11.69,9MJLBFkecPLR6AZ52M9qyW6PaKtxa8NTV5KUZ9SmQiHv,Dm1LAUzMWE7yb3KxDonxPZzR8S4199wtybSNm53LcEsS,zilla_vs_kong,Zilla vs Kong,https://www.arweave.net/19sEhbmceTZ5PPgG_u9E3cohw7dO-Aar0hGTC5uAn_U?ext=png,Zilla Vs Kong #535,888 Zillas vs Kongz battling ferociously on the Solana metaverse,https://www.zillavskong.online,image,"[{'address': '669hFBSmaSYfE4CEsXF9Ji9gYenDHzRP32GmtofHQK2W', 'verified': 1, 'share': 0}, {'address': '53bWYjZVEAh4Auz2MM5KoNCNyjJY8zMC69Haucbn8e2P', 'verified': 0, 'share': 15}, {'address': '3XMEQojzo5EdzLbyzk6EFgVrAPvnjg1xBMki8gW4Tt9r', 'verified': 0, 'share': 65}, {'address': 'CB4iaoagb9EYh88gcaRyHe9oE1V8dCL4PqRMM79zQgaC', 'verified': 0, 'share': 10}, {'address': 'GGhxzApavqdL1o5Uwijmhd7KEo4hgGXMGu2ntr4qBM7f', 'verified': 0, 'share': 10}]",800,8jQpPbwxPnNDnADAQ4vuiR5D5hLMCB7Fpz95ZvPmfi6P,"[{'trait_type': 'Type', 'value': 'Zilla'}, {'trait_type': 'Background', 'value': 'City'}, {'trait_type': 'Skins', 'value': 'Alien'}, {'trait_type': 'Neck', 'value': 'Spikes'}, {'trait_type': 'Mouth', 'value': 'none'}, {'trait_type': 'Head', 'value': 'Blue fire'}, {'trait_type': 'Eyes', 'value': 'Rainbow Glasses'}]","{'files': [{'uri': 'https://www.arweave.net/19sEhbmceTZ5PPgG_u9E3cohw7dO-Aar0hGTC5uAn_U?ext=png', 'type': 'image/png'}], 'category': 'image', 'creators': [{'address': '53bWYjZVEAh4Auz2MM5KoNCNyjJY8zMC69Haucbn8e2P', 'share': 15}, {'address': '3XMEQojzo5EdzLbyzk6EFgVrAPvnjg1xBMki8gW4Tt9r', 'share': 65}, {'address': 'CB4iaoagb9EYh88gcaRyHe9oE1V8dCL4PqRMM79zQgaC', 'share': 10}, {'address': 'GGhxzApavqdL1o5Uwijmhd7KEo4hgGXMGu2ntr4qBM7f', 'share': 10}]}",1,Gy82oV7DHCZMUNLkdiAusyTrijnLa2FDK7ryaXmXqjAE,1,{},False,"{'auctionHouseKey': 'E8cU1WiRWjanGxmn96ewBgk9vPTcL6AEZ1t6F6fkgUWe', 'sellerReferral': 'autMW8SgBkVYeBgqYiTuJZnkvDZMVU2MHJh9Jh7CSQ2', 'expiry': -1}",{'moonrank': {'rank': 96}}
24,HEHiMdF7EshLjKYKVs9MaJp54GmZ33hVTN4caxiYYNwK,12.0,J87hYTsTNYgefSpXEBgCg4KPCcdRuaUePTKFcA8kB3uY,9bnQivjajXde3V14tMckYshAr8q631CvoGtkVJzRwv5i,zilla_vs_kong,Zilla vs Kong,https://www.arweave.net/XhSk74hhlIs3gybB-x1ZFcvg6ne8rfBGqpsagXBQWMA?ext=png,Zilla Vs Kong #168,888 Zillas vs Kongz battling ferociously on the Solana metaverse,https://www.zillavskong.online,image,"[{'address': '669hFBSmaSYfE4CEsXF9Ji9gYenDHzRP32GmtofHQK2W', 'verified': 1, 'share': 0}, {'address': '53bWYjZVEAh4Auz2MM5KoNCNyjJY8zMC69Haucbn8e2P', 'verified': 0, 'share': 15}, {'address': '3XMEQojzo5EdzLbyzk6EFgVrAPvnjg1xBMki8gW4Tt9r', 'verified': 0, 'share': 65}, {'address': 'CB4iaoagb9EYh88gcaRyHe9oE1V8dCL4PqRMM79zQgaC', 'verified': 0, 'share': 10}, {'address': 'GGhxzApavqdL1o5Uwijmhd7KEo4hgGXMGu2ntr4qBM7f', 'verified': 0, 'share': 10}]",800,77W484uQo7R1jnUqM7BnXWTuxGsSLbi19G6LHsNWwnJK,"[{'trait_type': 'Type', 'value': 'Kong'}, {'trait_type': 'Background', 'value': 'Beach'}, {'trait_type': 'Skins', 'value': 'Alpha'}, {'trait_type': 'Neck', 'value': 'none'}, {'trait_type': 'Mouth', 'value': 'Laser'}, {'trait_type': 'Head', 'value': 'Pirate hat'}, {'trait_type': 'Eyes', 'value': 'none'}]","{'files': [{'uri': 'https://www.arweave.net/XhSk74hhlIs3gybB-x1ZFcvg6ne8rfBGqpsagXBQWMA?ext=png', 'type': 'image/png'}], 'category': 'image', 'creators': [{'address': '53bWYjZVEAh4Auz2MM5KoNCNyjJY8zMC69Haucbn8e2P', 'share': 15}, {'address': '3XMEQojzo5EdzLbyzk6EFgVrAPvnjg1xBMki8gW4Tt9r', 'share': 65}, {'address': 'CB4iaoagb9EYh88gcaRyHe9oE1V8dCL4PqRMM79zQgaC', 'share': 10}, {'address': 'GGhxzApavqdL1o5Uwijmhd7KEo4hgGXMGu2ntr4qBM7f', 'share': 10}]}",1,Gy82oV7DHCZMUNLkdiAusyTrijnLa2FDK7ryaXmXqjAE,1,{},False,"{'auctionHouseKey': 'E8cU1WiRWjanGxmn96ewBgk9vPTcL6AEZ1t6F6fkgUWe', 'sellerReferral': 'autMW8SgBkVYeBgqYiTuJZnkvDZMVU2MHJh9Jh7CSQ2', 'expiry': -1}",{'moonrank': {'rank': 603}}
25,5ifqPNou7quUDCEq8fxd1XtRCH2pNDCRBR25VpnmbRaB,12.5,HuZPL7mJeWeFacuyD6ZDXpPBMC6iWWHZjg1U3LFiuhD,3CPgGwB5V1Dmphe5yjeMWew2wLA66x4N7XxDWFpYzAQ3,zilla_vs_kong,Zilla vs Kong,https://www.arweave.net/arddBDsMvO6BAsKHqYyjvLBhIOC6EgCgh4iD0o8IfHc?ext=png,Zilla Vs Kong #458,888 Zillas vs Kongz battling ferociously on the Solana metaverse,https://www.zillavskong.online,image,"[{'address': '669hFBSmaSYfE4CEsXF9Ji9gYenDHzRP32GmtofHQK2W', 'verified': 1, 'share': 0}, {'address': '53bWYjZVEAh4Auz2MM5KoNCNyjJY8zMC69Haucbn8e2P', 'verified': 0, 'share': 15}, {'address': '3XMEQojzo5EdzLbyzk6EFgVrAPvnjg1xBMki8gW4Tt9r', 'verified': 0, 'share': 65}, {'address': 'CB4iaoagb9EYh88gcaRyHe9oE1V8dCL4PqRMM79zQgaC', 'verified': 0, 'share': 10}, {'address': 'GGhxzApavqdL1o5Uwijmhd7KEo4hgGXMGu2ntr4qBM7f', 'verified': 0, 'share': 10}]",800,HQ1iHvo7ikru7e6zFMkPhsPKtCmfXmCyUgWMvyQioN2r,"[{'trait_type': 'Type', 'value': 'Kong'}, {'trait_type': 'Background', 'value': 'Sewer'}, {'trait_type': 'Skins', 'value': 'Zebra'}, {'trait_type': 'Neck', 'value': 'none'}, {'trait_type': 'Mouth', 'value': 'Fire'}, {'trait_type': 'Head', 'value': 'none'}, {'trait_type': 'Eyes', 'value': 'Techno'}]","{'files': [{'uri': 'https://www.arweave.net/arddBDsMvO6BAsKHqYyjvLBhIOC6EgCgh4iD0o8IfHc?ext=png', 'type': 'image/png'}], 'category': 'image', 'creators': [{'address': '53bWYjZVEAh4Auz2MM5KoNCNyjJY8zMC69Haucbn8e2P', 'share': 15}, {'address': '3XMEQojzo5EdzLbyzk6EFgVrAPvnjg1xBMki8gW4Tt9r', 'share': 65}, {'address': 'CB4iaoagb9EYh88gcaRyHe9oE1V8dCL4PqRMM79zQgaC', 'share': 10}, {'address': 'GGhxzApavqdL1o5Uwijmhd7KEo4hgGXMGu2ntr4qBM7f', 'share': 10}]}",1,Gy82oV7DHCZMUNLkdiAusyTrijnLa2FDK7ryaXmXqjAE,1,{},False,"{'auctionHouseKey': 'E8cU1WiRWjanGxmn96ewBgk9vPTcL6AEZ1t6F6fkgUWe', 'sellerReferral': 'autMW8SgBkVYeBgqYiTuJZnkvDZMVU2MHJh9Jh7CSQ2', 'expiry': -1}",{'moonrank': {'rank': 396}}
26,5qu7zP9fFdavYq1zxC2Qi4EoXPukL6r3KbpGTofdSFT1,12.98,4jV7hGEWQMzNdnTYc75GDGauhz2zTgU2BzWAjf3oZdJL,CrdyU6dUqC5i2tYdXFitrBNgGiSbtF5ndRqqFqyG3ykY,zilla_vs_kong,Zilla vs Kong,https://www.arweave.net/OjmokBa7-sYYpEBW9kuvFgN5W9bHtp5q20i87i-ApEw?ext=png,Zilla Vs Kong #582,888 Zillas vs Kongz battling ferociously on the Solana metaverse,https://www.zillavskong.online,image,"[{'address': '669hFBSmaSYfE4CEsXF9Ji9gYenDHzRP32GmtofHQK2W', 'verified': 1, 'share': 0}, {'address': '53bWYjZVEAh4Auz2MM5KoNCNyjJY8zMC69Haucbn8e2P', 'verified': 0, 'share': 15}, {'address': '3XMEQojzo5EdzLbyzk6EFgVrAPvnjg1xBMki8gW4Tt9r', 'verified': 0, 'share': 65}, {'address': 'CB4iaoagb9EYh88gcaRyHe9oE1V8dCL4PqRMM79zQgaC', 'verified': 0, 'share': 10}, {'address': 'GGhxzApavqdL1o5Uwijmhd7KEo4hgGXMGu2ntr4qBM7f', 'verified': 0, 'share': 10}]",800,AB8KJPHUybTDgtQe68RzpLodu4LQyqJYkmXBpnUEPSbn,"[{'trait_type': 'Type', 'value': 'Kong'}, {'trait_type': 'Background', 'value': 'Sewer'}, {'trait_type': 'Skins', 'value': 'Metal'}, {'trait_type': 'Neck', 'value': 'none'}, {'trait_type': 'Mouth', 'value': 'Cigarrette'}, {'trait_type': 'Head', 'value': 'Fire'}, {'trait_type': 'Eyes', 'value': 'Smoke'}]","{'files': [{'uri': 'https://www.arweave.net/OjmokBa7-sYYpEBW9kuvFgN5W9bHtp5q20i87i-ApEw?ext=png', 'type': 'image/png'}], 'category': 'image', 'creators': [{'address': '53bWYjZVEAh4Auz2MM5KoNCNyjJY8zMC69Haucbn8e2P', 'share': 15}, {'address': '3XMEQojzo5EdzLbyzk6EFgVrAPvnjg1xBMki8gW4Tt9r', 'share': 65}, {'address': 'CB4iaoagb9EYh88gcaRyHe9oE1V8dCL4PqRMM79zQgaC', 'share': 10}, {'address': 'GGhxzApavqdL1o5Uwijmhd7KEo4hgGXMGu2ntr4qBM7f', 'share': 10}]}",1,Gy82oV7DHCZMUNLkdiAusyTrijnLa2FDK7ryaXmXqjAE,1,{},False,"{'auctionHouseKey': 'E8cU1WiRWjanGxmn96ewBgk9vPTcL6AEZ1t6F6fkgUWe', 'sellerReferral': 'autMW8SgBkVYeBgqYiTuJZnkvDZMVU2MHJh9Jh7CSQ2', 'expiry': -1}",{'moonrank': {'rank': 122}}
27,9mAK2zadBppFjRxUQJ7htLfuQ8JhcDHFK1NaAahTp7MZ,12.99943424,HK9jnewDHA74zYxK15bpA74fcuUnRHCRVxRtzjuaXKBn,BBMfJ9HrCEXT1GiUcgC1BRfsLx5HSeSduZ9BJRkCrrti,zilla_vs_kong,Zilla vs Kong,https://www.arweave.net/PMr3enUYe-JMdVV1BoOK3TPubuh7Rqt3cQPqVy5YQ6Y?ext=png,Zilla Vs Kong #583,888 Zillas vs Kongz battling ferociously on the Solana metaverse,https://www.zillavskong.online,image,"[{'address': '669hFBSmaSYfE4CEsXF9Ji9gYenDHzRP32GmtofHQK2W', 'verified': 1, 'share': 0}, {'address': '53bWYjZVEAh4Auz2MM5KoNCNyjJY8zMC69Haucbn8e2P', 'verified': 0, 'share': 15}, {'address': '3XMEQojzo5EdzLbyzk6EFgVrAPvnjg1xBMki8gW4Tt9r', 'verified': 0, 'share': 65}, {'address': 'CB4iaoagb9EYh88gcaRyHe9oE1V8dCL4PqRMM79zQgaC', 'verified': 0, 'share': 10}, {'address': 'GGhxzApavqdL1o5Uwijmhd7KEo4hgGXMGu2ntr4qBM7f', 'verified': 0, 'share': 10}]",800,8uxGfnpvTBMbxvo2qoZWdGPYSqSNFmTBZ6N5Rs1FJMqp,"[{'trait_type': 'Type', 'value': 'Zilla'}, {'trait_type': 'Background', 'value': 'Volcano'}, {'trait_type': 'Skins', 'value': 'Alpha'}, {'trait_type': 'Neck', 'value': 'none'}, {'trait_type': 'Mouth', 'value': 'Bandage'}, {'trait_type': 'Head', 'value': 'Horns'}, {'trait_type': 'Eyes', 'value': 'none'}]","{'files': [{'uri': 'https://www.arweave.net/PMr3enUYe-JMdVV1BoOK3TPubuh7Rqt3cQPqVy5YQ6Y?ext=png', 'type': 'image/png'}], 'category': 'image', 'creators': [{'address': '53bWYjZVEAh4Auz2MM5KoNCNyjJY8zMC69Haucbn8e2P', 'share': 15}, {'address': '3XMEQojzo5EdzLbyzk6EFgVrAPvnjg1xBMki8gW4Tt9r', 'share': 65}, {'address': 'CB4iaoagb9EYh88gcaRyHe9oE1V8dCL4PqRMM79zQgaC', 'share': 10}, {'address': 'GGhxzApavqdL1o5Uwijmhd7KEo4hgGXMGu2ntr4qBM7f', 'share': 10}]}",1,Gy82oV7DHCZMUNLkdiAusyTrijnLa2FDK7ryaXmXqjAE,1,{},False,"{'auctionHouseKey': 'E8cU1WiRWjanGxmn96ewBgk9vPTcL6AEZ1t6F6fkgUWe', 'sellerReferral': 'autMW8SgBkVYeBgqYiTuJZnkvDZMVU2MHJh9Jh7CSQ2', 'expiry': -1}",{'moonrank': {'rank': 515}}
28,2KJoKGpkBEkBfgmwXUb8bkSQdthjU4GnnMbzrhUy1pkx,14.99,3GKZPkff9WxATx1Jgqz7oVWov1Cm1hWcCoNQvMJjqfcD,BFwihHL3sjivv3s9gNbmh6SYwMmuguUA7pow5VtWoKcr,zilla_vs_kong,Zilla vs Kong,https://www.arweave.net/0KNgpvzOntMlCasIWJLjNLCEqCUMimlxRDM023nRZ4s?ext=png,Zilla Vs Kong #480,888 Zillas vs Kongz battling ferociously on the Solana metaverse,https://www.zillavskong.online,image,"[{'address': '669hFBSmaSYfE4CEsXF9Ji9gYenDHzRP32GmtofHQK2W', 'verified': 1, 'share': 0}, {'address': '53bWYjZVEAh4Auz2MM5KoNCNyjJY8zMC69Haucbn8e2P', 'verified': 0, 'share': 15}, {'address': '3XMEQojzo5EdzLbyzk6EFgVrAPvnjg1xBMki8gW4Tt9r', 'verified': 0, 'share': 65}, {'address': 'CB4iaoagb9EYh88gcaRyHe9oE1V8dCL4PqRMM79zQgaC', 'verified': 0, 'share': 10}, {'address': 'GGhxzApavqdL1o5Uwijmhd7KEo4hgGXMGu2ntr4qBM7f', 'verified': 0, 'share': 10}]",800,9je7G16N2rco1H6mLczoR3SsWWMFvCfuA2UKsYuh4yrq,"[{'trait_type': 'Type', 'value': 'Kong'}, {'trait_type': 'Background', 'value': 'Beach'}, {'trait_type': 'Skins', 'value': 'Winter'}, {'trait_type': 'Neck', 'value': 'none'}, {'trait_type': 'Mouth', 'value': 'none'}, {'trait_type': 'Head', 'value': 'Viking helmet'}, {'trait_type': 'Eyes', 'value': 'none'}]","{'files': [{'uri': 'https://www.arweave.net/0KNgpvzOntMlCasIWJLjNLCEqCUMimlxRDM023nRZ4s?ext=png', 'type': 'image/png'}], 'category': 'image', 'creators': [{'address': '53bWYjZVEAh4Auz2MM5KoNCNyjJY8zMC69Haucbn8e2P', 'share': 15}, {'address': '3XMEQojzo5EdzLbyzk6EFgVrAPvnjg1xBMki8gW4Tt9r', 'share': 65}, {'address': 'CB4iaoagb9EYh88gcaRyHe9oE1V8dCL4PqRMM79zQgaC', 'share': 10}, {'address': 'GGhxzApavqdL1o5Uwijmhd7KEo4hgGXMGu2ntr4qBM7f', 'share': 10}]}",1,Gy82oV7DHCZMUNLkdiAusyTrijnLa2FDK7ryaXmXqjAE,1,{},False,"{'auctionHouseKey': 'E8cU1WiRWjanGxmn96ewBgk9vPTcL6AEZ1t6F6fkgUWe', 'sellerReferral': 'autMW8SgBkVYeBgqYiTuJZnkvDZMVU2MHJh9Jh7CSQ2', 'expiry': -1}",{'moonrank': {'rank': 763}}
29,6mX6YV6CAA2b7kUCZackfUfX7M771YH4WoUvc8XEyvQ,15.0,ByssJsEbE8Ku5yHMtwYC4gbrXNxenmpJy1HJpc8JfY7d,GnMcnhNj9vcpABTAKideT5UoX16aJdrQVBmzGeV9K925,zilla_vs_kong,Zilla vs Kong,https://www.arweave.net/vyRnR_oIzAN2dhL2GAu3JqW7SDkxE8tm_O-uNxbn74A?ext=png,Zilla Vs Kong #784,888 Zillas vs Kongz battling ferociously on the Solana metaverse,https://www.zillavskong.online,image,"[{'address': '669hFBSmaSYfE4CEsXF9Ji9gYenDHzRP32GmtofHQK2W', 'verified': 1, 'share': 0}, {'address': '53bWYjZVEAh4Auz2MM5KoNCNyjJY8zMC69Haucbn8e2P', 'verified': 0, 'share': 15}, {'address': '3XMEQojzo5EdzLbyzk6EFgVrAPvnjg1xBMki8gW4Tt9r', 'verified': 0, 'share': 65}, {'address': 'CB4iaoagb9EYh88gcaRyHe9oE1V8dCL4PqRMM79zQgaC', 'verified': 0, 'share': 10}, {'address': 'GGhxzApavqdL1o5Uwijmhd7KEo4hgGXMGu2ntr4qBM7f', 'verified': 0, 'share': 10}]",800,JCt2qaZwL8k9L6jUQgrB54HDvs2u9BVkFBu9AkMFspTH,"[{'trait_type': 'Type', 'value': 'Kong'}, {'trait_type': 'Background', 'value': 'Mountains'}, {'trait_type': 'Skins', 'value': 'Alpha'}, {'trait_type': 'Neck', 'value': 'none'}, {'trait_type': 'Mouth', 'value': 'Black Bananna'}, {'trait_type': 'Head', 'value': 'none'}, {'trait_type': 'Eyes', 'value': 'Techno'}]","{'files': [{'uri': 'https://www.arweave.net/vyRnR_oIzAN2dhL2GAu3JqW7SDkxE8tm_O-uNxbn74A?ext=png', 'type': 'image/png'}], 'category': 'image', 'creators': [{'address': '53bWYjZVEAh4Auz2MM5KoNCNyjJY8zMC69Haucbn8e2P', 'share': 15}, {'address': '3XMEQojzo5EdzLbyzk6EFgVrAPvnjg1xBMki8gW4Tt9r', 'share': 65}, {'address': 'CB4iaoagb9EYh88gcaRyHe9oE1V8dCL4PqRMM79zQgaC', 'share': 10}, {'address': 'GGhxzApavqdL1o5Uwijmhd7KEo4hgGXMGu2ntr4qBM7f', 'share': 10}]}",1,Gy82oV7DHCZMUNLkdiAusyTrijnLa2FDK7ryaXmXqjAE,1,{},False,"{'auctionHouseKey': 'E8cU1WiRWjanGxmn96ewBgk9vPTcL6AEZ1t6F6fkgUWe', 'sellerReferral': 'autMW8SgBkVYeBgqYiTuJZnkvDZMVU2MHJh9Jh7CSQ2', 'expiry': -1}",{'moonrank': {'rank': 406}}
30,8U8MhmRaJjbjhy7psnLnWbo2HmFwZH3GcMJq7C4w6HYK,15.69,9YSdGt6NmiHC33jCHDRBF63myGJZcg5WKrzSb6FRe6Eg,2gwTaajEr2E3vjgdwXDM1NRaYrWurwVuhdZoE5aPg2K1,zilla_vs_kong,Zilla vs Kong,https://www.arweave.net/O4txS-JP7ySk9-cBENVI6WFXGWvl7qNtjFRELP_As08?ext=png,Zilla Vs Kong #634,888 Zillas vs Kongz battling ferociously on the Solana metaverse,https://www.zillavskong.online,image,"[{'address': '669hFBSmaSYfE4CEsXF9Ji9gYenDHzRP32GmtofHQK2W', 'verified': 1, 'share': 0}, {'address': '53bWYjZVEAh4Auz2MM5KoNCNyjJY8zMC69Haucbn8e2P', 'verified': 0, 'share': 15}, {'address': '3XMEQojzo5EdzLbyzk6EFgVrAPvnjg1xBMki8gW4Tt9r', 'verified': 0, 'share': 65}, {'address': 'CB4iaoagb9EYh88gcaRyHe9oE1V8dCL4PqRMM79zQgaC', 'verified': 0, 'share': 10}, {'address': 'GGhxzApavqdL1o5Uwijmhd7KEo4hgGXMGu2ntr4qBM7f', 'verified': 0, 'share': 10}]",800,wm5aQZ15ejTrav4pVbBeLQxUZd8xgeHpWXapcpGGGJV,"[{'trait_type': 'Type', 'value': 'Kong'}, {'trait_type': 'Background', 'value': 'Sewer'}, {'trait_type': 'Skins', 'value': 'Metal'}, {'trait_type': 'Neck', 'value': 'Gold chains'}, {'trait_type': 'Mouth', 'value': 'Cigar'}, {'trait_type': 'Head', 'value': 'Baby zilla'}, {'trait_type': 'Eyes', 'value': 'none'}]","{'files': [{'uri': 'https://www.arweave.net/O4txS-JP7ySk9-cBENVI6WFXGWvl7qNtjFRELP_As08?ext=png', 'type': 'image/png'}], 'category': 'image', 'creators': [{'address': '53bWYjZVEAh4Auz2MM5KoNCNyjJY8zMC69Haucbn8e2P', 'share': 15}, {'address': '3XMEQojzo5EdzLbyzk6EFgVrAPvnjg1xBMki8gW4Tt9r', 'share': 65}, {'address': 'CB4iaoagb9EYh88gcaRyHe9oE1V8dCL4PqRMM79zQgaC', 'share': 10}, {'address': 'GGhxzApavqdL1o5Uwijmhd7KEo4hgGXMGu2ntr4qBM7f', 'share': 10}]}",1,Gy82oV7DHCZMUNLkdiAusyTrijnLa2FDK7ryaXmXqjAE,1,{},False,"{'auctionHouseKey': 'E8cU1WiRWjanGxmn96ewBgk9vPTcL6AEZ1t6F6fkgUWe', 'sellerReferral': 'autMW8SgBkVYeBgqYiTuJZnkvDZMVU2MHJh9Jh7CSQ2', 'expiry': -1}",{'moonrank': {'rank': 32}}
31,85FbKRehXZBcxUCpss8RLoMPacdUAV7KucpWerz2NLAR,16.0,AdGDaCXcEE9cW1VMomy8zGst1uGuupJf72VRajbNRUuZ,22qsSPmm2o6PxaB95ryrVrFHSeiRYVMcw1tgAqr2oory,zilla_vs_kong,Zilla vs Kong,https://www.arweave.net/egJ6ynwhLPLivq0IjZ5b8szTHKBYTcRLpCo50uhr6hI?ext=png,Zilla Vs Kong #392,888 Zillas vs Kongz battling ferociously on the Solana metaverse,https://www.zillavskong.online,image,"[{'address': '669hFBSmaSYfE4CEsXF9Ji9gYenDHzRP32GmtofHQK2W', 'verified': 1, 'share': 0}, {'address': '53bWYjZVEAh4Auz2MM5KoNCNyjJY8zMC69Haucbn8e2P', 'verified': 0, 'share': 15}, {'address': '3XMEQojzo5EdzLbyzk6EFgVrAPvnjg1xBMki8gW4Tt9r', 'verified': 0, 'share': 65}, {'address': 'CB4iaoagb9EYh88gcaRyHe9oE1V8dCL4PqRMM79zQgaC', 'verified': 0, 'share': 10}, {'address': 'GGhxzApavqdL1o5Uwijmhd7KEo4hgGXMGu2ntr4qBM7f', 'verified': 0, 'share': 10}]",800,7MtLCx9w5uZQ8oHkpoyFbTS3Ca5XbBWNRoM5qxBvYtrf,"[{'trait_type': 'Type', 'value': 'Kong'}, {'trait_type': 'Background', 'value': 'Snowy mountains'}, {'trait_type': 'Skins', 'value': 'Scaled'}, {'trait_type': 'Neck', 'value': 'Prisonor leash'}, {'trait_type': 'Mouth', 'value': 'Rose'}, {'trait_type': 'Head', 'value': 'Baby tiger'}, {'trait_type': 'Eyes', 'value': 'none'}]","{'files': [{'uri': 'https://www.arweave.net/egJ6ynwhLPLivq0IjZ5b8szTHKBYTcRLpCo50uhr6hI?ext=png', 'type': 'image/png'}], 'category': 'image', 'creators': [{'address': '53bWYjZVEAh4Auz2MM5KoNCNyjJY8zMC69Haucbn8e2P', 'share': 15}, {'address': '3XMEQojzo5EdzLbyzk6EFgVrAPvnjg1xBMki8gW4Tt9r', 'share': 65}, {'address': 'CB4iaoagb9EYh88gcaRyHe9oE1V8dCL4PqRMM79zQgaC', 'share': 10}, {'address': 'GGhxzApavqdL1o5Uwijmhd7KEo4hgGXMGu2ntr4qBM7f', 'share': 10}]}",1,Gy82oV7DHCZMUNLkdiAusyTrijnLa2FDK7ryaXmXqjAE,1,{},False,"{'auctionHouseKey': 'E8cU1WiRWjanGxmn96ewBgk9vPTcL6AEZ1t6F6fkgUWe', 'sellerReferral': 'autMW8SgBkVYeBgqYiTuJZnkvDZMVU2MHJh9Jh7CSQ2', 'expiry': -1}",{'moonrank': {'rank': 10}}
32,GKgWzqR3fNJTB8VbtjjFibP28C1SKqeXLNg1DKXs1vJr,16.0,3NivotQxED3VCgYAYVBT6Ku1o2kTZW8DkpnPWfkrcQdp,FE9MBEJ2xA4TwQYChxWvNu6eRvWpQRM48rtC5xBQvaee,zilla_vs_kong,Zilla vs Kong,https://www.arweave.net/tX6OztFU1AFBhghmWd2Ofp9PDGlSTGODaM0IfbWFsCo?ext=png,Zilla Vs Kong #589,888 Zillas vs Kongz battling ferociously on the Solana metaverse,https://www.zillavskong.online,image,"[{'address': '669hFBSmaSYfE4CEsXF9Ji9gYenDHzRP32GmtofHQK2W', 'verified': 1, 'share': 0}, {'address': '53bWYjZVEAh4Auz2MM5KoNCNyjJY8zMC69Haucbn8e2P', 'verified': 0, 'share': 15}, {'address': '3XMEQojzo5EdzLbyzk6EFgVrAPvnjg1xBMki8gW4Tt9r', 'verified': 0, 'share': 65}, {'address': 'CB4iaoagb9EYh88gcaRyHe9oE1V8dCL4PqRMM79zQgaC', 'verified': 0, 'share': 10}, {'address': 'GGhxzApavqdL1o5Uwijmhd7KEo4hgGXMGu2ntr4qBM7f', 'verified': 0, 'share': 10}]",800,J14iQ2rZb3biaVPxuJrV7zaEP3TEAovsJiXGg3x3D9jc,"[{'trait_type': 'Type', 'value': 'Zilla'}, {'trait_type': 'Background', 'value': 'Fast food'}, {'trait_type': 'Skins', 'value': 'Alien'}, {'trait_type': 'Neck', 'value': 'none'}, {'trait_type': 'Mouth', 'value': 'none'}, {'trait_type': 'Head', 'value': 'none'}, {'trait_type': 'Eyes', 'value': 'Zilla laser'}]","{'files': [{'uri': 'https://www.arweave.net/tX6OztFU1AFBhghmWd2Ofp9PDGlSTGODaM0IfbWFsCo?ext=png', 'type': 'image/png'}], 'category': 'image', 'creators': [{'address': '53bWYjZVEAh4Auz2MM5KoNCNyjJY8zMC69Haucbn8e2P', 'share': 15}, {'address': '3XMEQojzo5EdzLbyzk6EFgVrAPvnjg1xBMki8gW4Tt9r', 'share': 65}, {'address': 'CB4iaoagb9EYh88gcaRyHe9oE1V8dCL4PqRMM79zQgaC', 'share': 10}, {'address': 'GGhxzApavqdL1o5Uwijmhd7KEo4hgGXMGu2ntr4qBM7f', 'share': 10}]}",1,Gy82oV7DHCZMUNLkdiAusyTrijnLa2FDK7ryaXmXqjAE,1,{},False,"{'auctionHouseKey': 'E8cU1WiRWjanGxmn96ewBgk9vPTcL6AEZ1t6F6fkgUWe', 'sellerReferral': 'autMW8SgBkVYeBgqYiTuJZnkvDZMVU2MHJh9Jh7CSQ2', 'expiry': -1}",{'moonrank': {'rank': 571}}
33,ETLjn45e9axnuZp6rXpw6PSMstxJwYCHesunTJ4eK4i2,16.9,7VYAhGBzwQZPDd2muxyh9u9QJ56sgYq3QkwW6KAGmaxC,2QStbPERoAc5RH8uM39Y4MDSKJ16DUczsPuRf2ytWXFA,zilla_vs_kong,Zilla vs Kong,https://www.arweave.net/X5iA7Lsu01OKDcBOL210xKUkXWJUY7eI3rcx3sXGPcg?ext=png,Zilla Vs Kong #638,888 Zillas vs Kongz battling ferociously on the Solana metaverse,https://www.zillavskong.online,image,"[{'address': '669hFBSmaSYfE4CEsXF9Ji9gYenDHzRP32GmtofHQK2W', 'verified': 1, 'share': 0}, {'address': '53bWYjZVEAh4Auz2MM5KoNCNyjJY8zMC69Haucbn8e2P', 'verified': 0, 'share': 15}, {'address': '3XMEQojzo5EdzLbyzk6EFgVrAPvnjg1xBMki8gW4Tt9r', 'verified': 0, 'share': 65}, {'address': 'CB4iaoagb9EYh88gcaRyHe9oE1V8dCL4PqRMM79zQgaC', 'verified': 0, 'share': 10}, {'address': 'GGhxzApavqdL1o5Uwijmhd7KEo4hgGXMGu2ntr4qBM7f', 'verified': 0, 'share': 10}]",800,ANNdXCuWTghLsKENkrJAwRNyRxpmfsdescCG1PFWXdsr,"[{'trait_type': 'Type', 'value': 'Kong'}, {'trait_type': 'Background', 'value': 'Mountains'}, {'trait_type': 'Skins', 'value': 'Rusted'}, {'trait_type': 'Neck', 'value': 'none'}, {'trait_type': 'Mouth', 'value': 'none'}, {'trait_type': 'Head', 'value': 'Pirate hat'}, {'trait_type': 'Eyes', 'value': 'none'}]","{'files': [{'uri': 'https://www.arweave.net/X5iA7Lsu01OKDcBOL210xKUkXWJUY7eI3rcx3sXGPcg?ext=png', 'type': 'image/png'}], 'category': 'image', 'creators': [{'address': '53bWYjZVEAh4Auz2MM5KoNCNyjJY8zMC69Haucbn8e2P', 'share': 15}, {'address': '3XMEQojzo5EdzLbyzk6EFgVrAPvnjg1xBMki8gW4Tt9r', 'share': 65}, {'address': 'CB4iaoagb9EYh88gcaRyHe9oE1V8dCL4PqRMM79zQgaC', 'share': 10}, {'address': 'GGhxzApavqdL1o5Uwijmhd7KEo4hgGXMGu2ntr4qBM7f', 'share': 10}]}",1,Gy82oV7DHCZMUNLkdiAusyTrijnLa2FDK7ryaXmXqjAE,1,{},False,"{'auctionHouseKey': 'E8cU1WiRWjanGxmn96ewBgk9vPTcL6AEZ1t6F6fkgUWe', 'sellerReferral': 'autMW8SgBkVYeBgqYiTuJZnkvDZMVU2MHJh9Jh7CSQ2', 'expiry': -1}",{'moonrank': {'rank': 619}}
34,2bgxCe3eTERzizeRp7HEV1voGztm5EeYPdPXwRkuA18z,17.0,GSNbVu8xKbhGAZ8bn9jAbo6CSfBTrG26usCX7WZhBzMg,GpL41C8z1um1bYpRSVitXy66qT958UqQhT8HWaVycm2o,zilla_vs_kong,Zilla vs Kong,https://www.arweave.net/1CjYP7bQnjlb6U7TULSe1SUTiBp5gw7WsJWKUUq1pUo?ext=png,Zilla Vs Kong #531,888 Zillas vs Kongz battling ferociously on the Solana metaverse,https://www.zillavskong.online,image,"[{'address': '669hFBSmaSYfE4CEsXF9Ji9gYenDHzRP32GmtofHQK2W', 'verified': 1, 'share': 0}, {'address': '53bWYjZVEAh4Auz2MM5KoNCNyjJY8zMC69Haucbn8e2P', 'verified': 0, 'share': 15}, {'address': '3XMEQojzo5EdzLbyzk6EFgVrAPvnjg1xBMki8gW4Tt9r', 'verified': 0, 'share': 65}, {'address': 'CB4iaoagb9EYh88gcaRyHe9oE1V8dCL4PqRMM79zQgaC', 'verified': 0, 'share': 10}, {'address': 'GGhxzApavqdL1o5Uwijmhd7KEo4hgGXMGu2ntr4qBM7f', 'verified': 0, 'share': 10}]",800,Eta5T4dRTu5Sptegi5B5uPK7efuToSKxVWT8iKgFWhw1,"[{'trait_type': 'Type', 'value': 'Zilla'}, {'trait_type': 'Background', 'value': 'Volcano'}, {'trait_type': 'Skins', 'value': 'Ice'}, {'trait_type': 'Neck', 'value': 'Spikes'}, {'trait_type': 'Mouth', 'value': 'Blunt'}, {'trait_type': 'Head', 'value': 'Samurai'}, {'trait_type': 'Eyes', 'value': 'Lightning'}]","{'files': [{'uri': 'https://www.arweave.net/1CjYP7bQnjlb6U7TULSe1SUTiBp5gw7WsJWKUUq1pUo?ext=png', 'type': 'image/png'}], 'category': 'image', 'creators': [{'address': '53bWYjZVEAh4Auz2MM5KoNCNyjJY8zMC69Haucbn8e2P', 'share': 15}, {'address': '3XMEQojzo5EdzLbyzk6EFgVrAPvnjg1xBMki8gW4Tt9r', 'share': 65}, {'address': 'CB4iaoagb9EYh88gcaRyHe9oE1V8dCL4PqRMM79zQgaC', 'share': 10}, {'address': 'GGhxzApavqdL1o5Uwijmhd7KEo4hgGXMGu2ntr4qBM7f', 'share': 10}]}",1,Gy82oV7DHCZMUNLkdiAusyTrijnLa2FDK7ryaXmXqjAE,1,{},False,"{'auctionHouseKey': 'E8cU1WiRWjanGxmn96ewBgk9vPTcL6AEZ1t6F6fkgUWe', 'sellerReferral': 'autMW8SgBkVYeBgqYiTuJZnkvDZMVU2MHJh9Jh7CSQ2', 'expiry': -1}",{'moonrank': {'rank': 8}}
35,99QesKnN67aRatVEHcT9Uu4CPh6c9ygGjnit476pJoBX,18.4,CrGkjaiye3iC1vUJgUpNWyp61dhTALMFKAhmBoJbczev,VKvJBDUj2Hi55rpAxLe1QaABt6oDEhBPyxZs1pC6L75,zilla_vs_kong,Zilla vs Kong,https://www.arweave.net/ZkOnOKM5uvaKeMHRbjJ0lilZ0GALR5DLipjHzzEHAj4?ext=png,Zilla Vs Kong #663,888 Zillas vs Kongz battling ferociously on the Solana metaverse,https://www.zillavskong.online,image,"[{'address': '669hFBSmaSYfE4CEsXF9Ji9gYenDHzRP32GmtofHQK2W', 'verified': 1, 'share': 0}, {'address': '53bWYjZVEAh4Auz2MM5KoNCNyjJY8zMC69Haucbn8e2P', 'verified': 0, 'share': 15}, {'address': '3XMEQojzo5EdzLbyzk6EFgVrAPvnjg1xBMki8gW4Tt9r', 'verified': 0, 'share': 65}, {'address': 'CB4iaoagb9EYh88gcaRyHe9oE1V8dCL4PqRMM79zQgaC', 'verified': 0, 'share': 10}, {'address': 'GGhxzApavqdL1o5Uwijmhd7KEo4hgGXMGu2ntr4qBM7f', 'verified': 0, 'share': 10}]",800,9hrSfpQRPuEWTGftXyqN5auwnPU6mujJqF24gfRpQDZy,"[{'trait_type': 'Type', 'value': 'Zilla'}, {'trait_type': 'Background', 'value': 'Fast food'}, {'trait_type': 'Skins', 'value': 'Ice'}, {'trait_type': 'Neck', 'value': 'none'}, {'trait_type': 'Mouth', 'value': 'Blunt'}, {'trait_type': 'Head', 'value': 'none'}, {'trait_type': 'Eyes', 'value': 'none'}]","{'files': [{'uri': 'https://www.arweave.net/ZkOnOKM5uvaKeMHRbjJ0lilZ0GALR5DLipjHzzEHAj4?ext=png', 'type': 'image/png'}], 'category': 'image', 'creators': [{'address': '53bWYjZVEAh4Auz2MM5KoNCNyjJY8zMC69Haucbn8e2P', 'share': 15}, {'address': '3XMEQojzo5EdzLbyzk6EFgVrAPvnjg1xBMki8gW4Tt9r', 'share': 65}, {'address': 'CB4iaoagb9EYh88gcaRyHe9oE1V8dCL4PqRMM79zQgaC', 'share': 10}, {'address': 'GGhxzApavqdL1o5Uwijmhd7KEo4hgGXMGu2ntr4qBM7f', 'share': 10}]}",1,Gy82oV7DHCZMUNLkdiAusyTrijnLa2FDK7ryaXmXqjAE,1,{},False,"{'auctionHouseKey': 'E8cU1WiRWjanGxmn96ewBgk9vPTcL6AEZ1t6F6fkgUWe', 'sellerReferral': 'autMW8SgBkVYeBgqYiTuJZnkvDZMVU2MHJh9Jh7CSQ2', 'expiry': -1}",{'moonrank': {'rank': 727}}
36,J3XEHMufNfabW7PJU8cZqKRwo2Dd2oXEqWc9sH9zUamW,18.75,8JWHnfzhVricaSCQypvSbHbuWzQ4kvudLh2cC9mM4XRm,s57CskBcSWSPJCuy26GPhZuJSJJZc8NQruWtSjLPSkn,zilla_vs_kong,Zilla vs Kong,https://www.arweave.net/ovSry_vRADaRmFNMm5tEH5vroFZXyzvpr3rQfQ2JYbI?ext=png,Zilla Vs Kong #353,888 Zillas vs Kongz battling ferociously on the Solana metaverse,https://www.zillavskong.online,image,"[{'address': '669hFBSmaSYfE4CEsXF9Ji9gYenDHzRP32GmtofHQK2W', 'verified': 1, 'share': 0}, {'address': '53bWYjZVEAh4Auz2MM5KoNCNyjJY8zMC69Haucbn8e2P', 'verified': 0, 'share': 15}, {'address': '3XMEQojzo5EdzLbyzk6EFgVrAPvnjg1xBMki8gW4Tt9r', 'verified': 0, 'share': 65}, {'address': 'CB4iaoagb9EYh88gcaRyHe9oE1V8dCL4PqRMM79zQgaC', 'verified': 0, 'share': 10}, {'address': 'GGhxzApavqdL1o5Uwijmhd7KEo4hgGXMGu2ntr4qBM7f', 'verified': 0, 'share': 10}]",800,CCGhjvujKhfx3pbd1CViupwkKi4SqVULnT4GAvwpkozS,"[{'trait_type': 'Type', 'value': 'Zilla'}, {'trait_type': 'Background', 'value': 'Pool'}, {'trait_type': 'Skins', 'value': 'Furry'}, {'trait_type': 'Neck', 'value': 'none'}, {'trait_type': 'Mouth', 'value': 'Building'}, {'trait_type': 'Head', 'value': 'none'}, {'trait_type': 'Eyes', 'value': 'Visor'}]","{'files': [{'uri': 'https://www.arweave.net/ovSry_vRADaRmFNMm5tEH5vroFZXyzvpr3rQfQ2JYbI?ext=png', 'type': 'image/png'}], 'category': 'image', 'creators': [{'address': '53bWYjZVEAh4Auz2MM5KoNCNyjJY8zMC69Haucbn8e2P', 'share': 15}, {'address': '3XMEQojzo5EdzLbyzk6EFgVrAPvnjg1xBMki8gW4Tt9r', 'share': 65}, {'address': 'CB4iaoagb9EYh88gcaRyHe9oE1V8dCL4PqRMM79zQgaC', 'share': 10}, {'address': 'GGhxzApavqdL1o5Uwijmhd7KEo4hgGXMGu2ntr4qBM7f', 'share': 10}]}",1,Gy82oV7DHCZMUNLkdiAusyTrijnLa2FDK7ryaXmXqjAE,1,{},False,"{'auctionHouseKey': 'E8cU1WiRWjanGxmn96ewBgk9vPTcL6AEZ1t6F6fkgUWe', 'sellerReferral': 'autMW8SgBkVYeBgqYiTuJZnkvDZMVU2MHJh9Jh7CSQ2', 'expiry': -1}",{'moonrank': {'rank': 301}}
37,DFocTrqbGnHSVFddqo3pgmy6KhZ5UJUWBPkmyDQtfdn7,20.0,C883Z3LZzUoJAkNCtZPiEpxcZnE1H5GtSEFZ4Hd8kKeN,XpxXwydabzShbcNTJ9MxRG99w4mtrX95qUUSshGiGeZ,zilla_vs_kong,Zilla vs Kong,https://www.arweave.net/QrTHZ-DfnVDpMUnSEOsEJlqSFt4oeg3BbL1d8pOgk8E?ext=png,Zilla Vs Kong #369,888 Zillas vs Kongz battling ferociously on the Solana metaverse,https://www.zillavskong.online,image,"[{'address': '669hFBSmaSYfE4CEsXF9Ji9gYenDHzRP32GmtofHQK2W', 'verified': 1, 'share': 0}, {'address': '53bWYjZVEAh4Auz2MM5KoNCNyjJY8zMC69Haucbn8e2P', 'verified': 0, 'share': 15}, {'address': '3XMEQojzo5EdzLbyzk6EFgVrAPvnjg1xBMki8gW4Tt9r', 'verified': 0, 'share': 65}, {'address': 'CB4iaoagb9EYh88gcaRyHe9oE1V8dCL4PqRMM79zQgaC', 'verified': 0, 'share': 10}, {'address': 'GGhxzApavqdL1o5Uwijmhd7KEo4hgGXMGu2ntr4qBM7f', 'verified': 0, 'share': 10}]",800,47i2jccPr6wukWngwbxrodg26CuHo5k1c2mF9SbGoXMR,"[{'trait_type': 'Type', 'value': 'Zilla'}, {'trait_type': 'Background', 'value': 'Desert'}, {'trait_type': 'Skins', 'value': 'Skeleton'}, {'trait_type': 'Neck', 'value': 'none'}, {'trait_type': 'Mouth', 'value': 'Blunt'}, {'trait_type': 'Head', 'value': 'Blue fire'}, {'trait_type': 'Eyes', 'value': 'Zilla laser'}]","{'files': [{'uri': 'https://www.arweave.net/QrTHZ-DfnVDpMUnSEOsEJlqSFt4oeg3BbL1d8pOgk8E?ext=png', 'type': 'image/png'}], 'category': 'image', 'creators': [{'address': '53bWYjZVEAh4Auz2MM5KoNCNyjJY8zMC69Haucbn8e2P', 'share': 15}, {'address': '3XMEQojzo5EdzLbyzk6EFgVrAPvnjg1xBMki8gW4Tt9r', 'share': 65}, {'address': 'CB4iaoagb9EYh88gcaRyHe9oE1V8dCL4PqRMM79zQgaC', 'share': 10}, {'address': 'GGhxzApavqdL1o5Uwijmhd7KEo4hgGXMGu2ntr4qBM7f', 'share': 10}]}",1,Gy82oV7DHCZMUNLkdiAusyTrijnLa2FDK7ryaXmXqjAE,1,{},False,"{'auctionHouseKey': 'E8cU1WiRWjanGxmn96ewBgk9vPTcL6AEZ1t6F6fkgUWe', 'sellerReferral': 'autMW8SgBkVYeBgqYiTuJZnkvDZMVU2MHJh9Jh7CSQ2', 'expiry': -1}",{'moonrank': {'rank': 53}}
38,77TN9fx7EXTqFCoxuzKscojcQP1NNF4cPdSAYn5C8e3G,20.5,D4BZwgp7VJhTpBNGwqqAwHJT4EmYWseBxftU1oZG7PJu,VKvJBDUj2Hi55rpAxLe1QaABt6oDEhBPyxZs1pC6L75,zilla_vs_kong,Zilla vs Kong,https://www.arweave.net/SMyMKAQdEtPAbl7qDRnwFEgeJkPc4gHUqXmo_OKlV-4?ext=png,Zilla Vs Kong #867,888 Zillas vs Kongz battling ferociously on the Solana metaverse,https://www.zillavskong.online,image,"[{'address': '669hFBSmaSYfE4CEsXF9Ji9gYenDHzRP32GmtofHQK2W', 'verified': 1, 'share': 0}, {'address': '53bWYjZVEAh4Auz2MM5KoNCNyjJY8zMC69Haucbn8e2P', 'verified': 0, 'share': 15}, {'address': '3XMEQojzo5EdzLbyzk6EFgVrAPvnjg1xBMki8gW4Tt9r', 'verified': 0, 'share': 65}, {'address': 'CB4iaoagb9EYh88gcaRyHe9oE1V8dCL4PqRMM79zQgaC', 'verified': 0, 'share': 10}, {'address': 'GGhxzApavqdL1o5Uwijmhd7KEo4hgGXMGu2ntr4qBM7f', 'verified': 0, 'share': 10}]",800,7CxyZCBjk2eZ3okXRbmbChyZtS2GGfxJy1WEk8yLzwWM,"[{'trait_type': 'Type', 'value': 'Zilla'}, {'trait_type': 'Background', 'value': 'Hot air baloon'}, {'trait_type': 'Skins', 'value': 'White'}, {'trait_type': 'Neck', 'value': 'none'}, {'trait_type': 'Mouth', 'value': 'Bandage'}, {'trait_type': 'Head', 'value': 'none'}, {'trait_type': 'Eyes', 'value': 'none'}]","{'files': [{'uri': 'https://www.arweave.net/SMyMKAQdEtPAbl7qDRnwFEgeJkPc4gHUqXmo_OKlV-4?ext=png', 'type': 'image/png'}], 'category': 'image', 'creators': [{'address': '53bWYjZVEAh4Auz2MM5KoNCNyjJY8zMC69Haucbn8e2P', 'share': 15}, {'address': '3XMEQojzo5EdzLbyzk6EFgVrAPvnjg1xBMki8gW4Tt9r', 'share': 65}, {'address': 'CB4iaoagb9EYh88gcaRyHe9oE1V8dCL4PqRMM79zQgaC', 'share': 10}, {'address': 'GGhxzApavqdL1o5Uwijmhd7KEo4hgGXMGu2ntr4qBM7f', 'share': 10}]}",1,Gy82oV7DHCZMUNLkdiAusyTrijnLa2FDK7ryaXmXqjAE,1,{},False,"{'auctionHouseKey': 'E8cU1WiRWjanGxmn96ewBgk9vPTcL6AEZ1t6F6fkgUWe', 'sellerReferral': 'autMW8SgBkVYeBgqYiTuJZnkvDZMVU2MHJh9Jh7CSQ2', 'expiry': -1}",{'moonrank': {'rank': 713}}
39,8X2Yc16mdveTwVKFvqMciQkRynzBSVJVjr5XCHZ5JzK1,21.5,6Coq9rmsqYyHZYizz8j1RRBt9mqRJTYJaGMg6AxWu3jS,Gu18DKrDjYADUW3VCJvqR8c9aiKtnwbbPr3qKk8QDJKY,zilla_vs_kong,Zilla vs Kong,https://www.arweave.net/ha5bWR2K7mHDtoBYcPRHKaNOl7xPD5eF2T1-T6CKyps?ext=png,Zilla Vs Kong #778,888 Zillas vs Kongz battling ferociously on the Solana metaverse,https://www.zillavskong.online,image,"[{'address': '669hFBSmaSYfE4CEsXF9Ji9gYenDHzRP32GmtofHQK2W', 'verified': 1, 'share': 0}, {'address': '53bWYjZVEAh4Auz2MM5KoNCNyjJY8zMC69Haucbn8e2P', 'verified': 0, 'share': 15}, {'address': '3XMEQojzo5EdzLbyzk6EFgVrAPvnjg1xBMki8gW4Tt9r', 'verified': 0, 'share': 65}, {'address': 'CB4iaoagb9EYh88gcaRyHe9oE1V8dCL4PqRMM79zQgaC', 'verified': 0, 'share': 10}, {'address': 'GGhxzApavqdL1o5Uwijmhd7KEo4hgGXMGu2ntr4qBM7f', 'verified': 0, 'share': 10}]",800,6tvkhdui4Du6XLd77f1LxDRENobdzWYfWBggy6j8eQio,"[{'trait_type': 'Type', 'value': 'Kong'}, {'trait_type': 'Background', 'value': 'Rainforest'}, {'trait_type': 'Skins', 'value': 'Scaled'}, {'trait_type': 'Neck', 'value': 'none'}, {'trait_type': 'Mouth', 'value': 'Cigarrette'}, {'trait_type': 'Head', 'value': 'none'}, {'trait_type': 'Eyes', 'value': 'Fire'}]","{'files': [{'uri': 'https://www.arweave.net/ha5bWR2K7mHDtoBYcPRHKaNOl7xPD5eF2T1-T6CKyps?ext=png', 'type': 'image/png'}], 'category': 'image', 'creators': [{'address': '53bWYjZVEAh4Auz2MM5KoNCNyjJY8zMC69Haucbn8e2P', 'share': 15}, {'address': '3XMEQojzo5EdzLbyzk6EFgVrAPvnjg1xBMki8gW4Tt9r', 'share': 65}, {'address': 'CB4iaoagb9EYh88gcaRyHe9oE1V8dCL4PqRMM79zQgaC', 'share': 10}, {'address': 'GGhxzApavqdL1o5Uwijmhd7KEo4hgGXMGu2ntr4qBM7f', 'share': 10}]}",1,Gy82oV7DHCZMUNLkdiAusyTrijnLa2FDK7ryaXmXqjAE,1,{},False,"{'auctionHouseKey': 'E8cU1WiRWjanGxmn96ewBgk9vPTcL6AEZ1t6F6fkgUWe', 'sellerReferral': 'autMW8SgBkVYeBgqYiTuJZnkvDZMVU2MHJh9Jh7CSQ2', 'expiry': -1}",{'moonrank': {'rank': 369}}
40,6bihkzuxQwusyXKwVyAfzmbEXcgpkG9cfCohRyxNEtxu,22.0,Cu9jxjRDxCtKrXXZNfrL83cZC1Yt2CKxRThk8qWTeba4,4Godan2Sq78jyqw1Nd5uaiywo4kbGydy8LUedMnsCBrN,zilla_vs_kong,Zilla vs Kong,https://www.arweave.net/P3nJcQSQ6RkCRQk6uc3RXAEXwiyljtZ1h4tlrxEjU5o?ext=png,Zilla Vs Kong #503,888 Zillas vs Kongz battling ferociously on the Solana metaverse,https://www.zillavskong.online,image,"[{'address': '669hFBSmaSYfE4CEsXF9Ji9gYenDHzRP32GmtofHQK2W', 'verified': 1, 'share': 0}, {'address': '53bWYjZVEAh4Auz2MM5KoNCNyjJY8zMC69Haucbn8e2P', 'verified': 0, 'share': 15}, {'address': '3XMEQojzo5EdzLbyzk6EFgVrAPvnjg1xBMki8gW4Tt9r', 'verified': 0, 'share': 65}, {'address': 'CB4iaoagb9EYh88gcaRyHe9oE1V8dCL4PqRMM79zQgaC', 'verified': 0, 'share': 10}, {'address': 'GGhxzApavqdL1o5Uwijmhd7KEo4hgGXMGu2ntr4qBM7f', 'verified': 0, 'share': 10}]",800,DFsCu2Jm23XULSm4qgrhNNRFywXKma3T9UWEtVEbyqbY,"[{'trait_type': 'Type', 'value': 'Zilla'}, {'trait_type': 'Background', 'value': 'Pool'}, {'trait_type': 'Skins', 'value': 'Desert'}, {'trait_type': 'Neck', 'value': 'none'}, {'trait_type': 'Mouth', 'value': 'Pipe'}, {'trait_type': 'Head', 'value': 'Blue fire'}, {'trait_type': 'Eyes', 'value': 'Rainbow Glasses'}]","{'files': [{'uri': 'https://www.arweave.net/P3nJcQSQ6RkCRQk6uc3RXAEXwiyljtZ1h4tlrxEjU5o?ext=png', 'type': 'image/png'}], 'category': 'image', 'creators': [{'address': '53bWYjZVEAh4Auz2MM5KoNCNyjJY8zMC69Haucbn8e2P', 'share': 15}, {'address': '3XMEQojzo5EdzLbyzk6EFgVrAPvnjg1xBMki8gW4Tt9r', 'share': 65}, {'address': 'CB4iaoagb9EYh88gcaRyHe9oE1V8dCL4PqRMM79zQgaC', 'share': 10}, {'address': 'GGhxzApavqdL1o5Uwijmhd7KEo4hgGXMGu2ntr4qBM7f', 'share': 10}]}",1,Gy82oV7DHCZMUNLkdiAusyTrijnLa2FDK7ryaXmXqjAE,1,{},False,"{'auctionHouseKey': 'E8cU1WiRWjanGxmn96ewBgk9vPTcL6AEZ1t6F6fkgUWe', 'sellerReferral': 'autMW8SgBkVYeBgqYiTuJZnkvDZMVU2MHJh9Jh7CSQ2', 'expiry': -1}",{'moonrank': {'rank': 131}}
41,8Xhcdw4YMCsynZskcodtvTMv1TERXjXKfTAX7J4TMdt4,22.5,5DUhn1rEvYfPEVKTEWF1K7Qhv2vzwEyKVx84z8UXUqvL,FYe8kvtXtNsi7DQC67KwMJbCZfG81ZAcy8w8MMR2ciym,zilla_vs_kong,Zilla vs Kong,https://www.arweave.net/rC9zn2mlEzi53qM7F1UqrVzDtf_KwLaEageFJp_78zE?ext=png,Zilla Vs Kong #404,888 Zillas vs Kongz battling ferociously on the Solana metaverse,https://www.zillavskong.online,image,"[{'address': '669hFBSmaSYfE4CEsXF9Ji9gYenDHzRP32GmtofHQK2W', 'verified': 1, 'share': 0}, {'address': '53bWYjZVEAh4Auz2MM5KoNCNyjJY8zMC69Haucbn8e2P', 'verified': 0, 'share': 15}, {'address': '3XMEQojzo5EdzLbyzk6EFgVrAPvnjg1xBMki8gW4Tt9r', 'verified': 0, 'share': 65}, {'address': 'CB4iaoagb9EYh88gcaRyHe9oE1V8dCL4PqRMM79zQgaC', 'verified': 0, 'share': 10}, {'address': 'GGhxzApavqdL1o5Uwijmhd7KEo4hgGXMGu2ntr4qBM7f', 'verified': 0, 'share': 10}]",800,4k7zwxX1qwhfgbFVxdYGdPc6txiNDZJ7o5JgCu37zoe4,"[{'trait_type': 'Type', 'value': 'Kong'}, {'trait_type': 'Background', 'value': 'Rainforest'}, {'trait_type': 'Skins', 'value': 'Scaled'}, {'trait_type': 'Neck', 'value': 'none'}, {'trait_type': 'Mouth', 'value': 'none'}, {'trait_type': 'Head', 'value': 'none'}, {'trait_type': 'Eyes', 'value': 'Smoke'}]","{'files': [{'uri': 'https://www.arweave.net/rC9zn2mlEzi53qM7F1UqrVzDtf_KwLaEageFJp_78zE?ext=png', 'type': 'image/png'}], 'category': 'image', 'creators': [{'address': '53bWYjZVEAh4Auz2MM5KoNCNyjJY8zMC69Haucbn8e2P', 'share': 15}, {'address': '3XMEQojzo5EdzLbyzk6EFgVrAPvnjg1xBMki8gW4Tt9r', 'share': 65}, {'address': 'CB4iaoagb9EYh88gcaRyHe9oE1V8dCL4PqRMM79zQgaC', 'share': 10}, {'address': 'GGhxzApavqdL1o5Uwijmhd7KEo4hgGXMGu2ntr4qBM7f', 'share': 10}]}",1,Gy82oV7DHCZMUNLkdiAusyTrijnLa2FDK7ryaXmXqjAE,1,{},False,"{'auctionHouseKey': 'E8cU1WiRWjanGxmn96ewBgk9vPTcL6AEZ1t6F6fkgUWe', 'sellerReferral': 'autMW8SgBkVYeBgqYiTuJZnkvDZMVU2MHJh9Jh7CSQ2', 'expiry': -1}",{'moonrank': {'rank': 701}}
42,AQRRtRyJXkhRYfczx17BQnSsXz7XJaKZEikgyuqTAsAu,23.5,Cw2gwNvB4Z3PEWi5qJcgmo18QaXuWWw2K2Cdby7HK5Bu,5btd6tAC2G3MpMCySZj4ciXMtAX7GjBYknYmkKtsEwPi,zilla_vs_kong,Zilla vs Kong,https://www.arweave.net/vtT_QYnuLOUBUNU-t6i3JbOyTFVMwA_kNOb-1Fxn7M8?ext=png,Zilla Vs Kong #757,888 Zillas vs Kongz battling ferociously on the Solana metaverse,https://www.zillavskong.online,image,"[{'address': '669hFBSmaSYfE4CEsXF9Ji9gYenDHzRP32GmtofHQK2W', 'verified': 1, 'share': 0}, {'address': '53bWYjZVEAh4Auz2MM5KoNCNyjJY8zMC69Haucbn8e2P', 'verified': 0, 'share': 15}, {'address': '3XMEQojzo5EdzLbyzk6EFgVrAPvnjg1xBMki8gW4Tt9r', 'verified': 0, 'share': 65}, {'address': 'CB4iaoagb9EYh88gcaRyHe9oE1V8dCL4PqRMM79zQgaC', 'verified': 0, 'share': 10}, {'address': 'GGhxzApavqdL1o5Uwijmhd7KEo4hgGXMGu2ntr4qBM7f', 'verified': 0, 'share': 10}]",800,3LDBh6jr8MS2ZfE2W6sVgNunBuwy1ZLXqeJe1LsCWJo7,"[{'trait_type': 'Type', 'value': 'Zilla'}, {'trait_type': 'Background', 'value': 'Pool'}, {'trait_type': 'Skins', 'value': 'Desert'}, {'trait_type': 'Neck', 'value': 'Tie'}, {'trait_type': 'Mouth', 'value': 'none'}, {'trait_type': 'Head', 'value': 'Samurai'}, {'trait_type': 'Eyes', 'value': 'Visor'}]","{'files': [{'uri': 'https://www.arweave.net/vtT_QYnuLOUBUNU-t6i3JbOyTFVMwA_kNOb-1Fxn7M8?ext=png', 'type': 'image/png'}], 'category': 'image', 'creators': [{'address': '53bWYjZVEAh4Auz2MM5KoNCNyjJY8zMC69Haucbn8e2P', 'share': 15}, {'address': '3XMEQojzo5EdzLbyzk6EFgVrAPvnjg1xBMki8gW4Tt9r', 'share': 65}, {'address': 'CB4iaoagb9EYh88gcaRyHe9oE1V8dCL4PqRMM79zQgaC', 'share': 10}, {'address': 'GGhxzApavqdL1o5Uwijmhd7KEo4hgGXMGu2ntr4qBM7f', 'share': 10}]}",1,Gy82oV7DHCZMUNLkdiAusyTrijnLa2FDK7ryaXmXqjAE,1,{},False,"{'auctionHouseKey': 'E8cU1WiRWjanGxmn96ewBgk9vPTcL6AEZ1t6F6fkgUWe', 'sellerReferral': 'autMW8SgBkVYeBgqYiTuJZnkvDZMVU2MHJh9Jh7CSQ2', 'expiry': -1}",{'moonrank': {'rank': 184}}
43,2koCoFfnD56ikft2Qs3A9NAh5ojxmEjiEhUzAobyY8c2,25.0,EitMH1msv1anCA7JyHivuqsbUcDbCCCU53uVAUwVFWDf,GidzrJqi8RXMEmTYXHkoGk1f1NTtf3NBfVHtPvAEh931,zilla_vs_kong,Zilla vs Kong,https://www.arweave.net/Uldy7Xtj7vu2uaKCe-t7e_kaICP5a69tGH96LlwY3cI?ext=png,Zilla Vs Kong #425,888 Zillas vs Kongz battling ferociously on the Solana metaverse,https://www.zillavskong.online,image,"[{'address': '669hFBSmaSYfE4CEsXF9Ji9gYenDHzRP32GmtofHQK2W', 'verified': 1, 'share': 0}, {'address': '53bWYjZVEAh4Auz2MM5KoNCNyjJY8zMC69Haucbn8e2P', 'verified': 0, 'share': 15}, {'address': '3XMEQojzo5EdzLbyzk6EFgVrAPvnjg1xBMki8gW4Tt9r', 'verified': 0, 'share': 65}, {'address': 'CB4iaoagb9EYh88gcaRyHe9oE1V8dCL4PqRMM79zQgaC', 'verified': 0, 'share': 10}, {'address': 'GGhxzApavqdL1o5Uwijmhd7KEo4hgGXMGu2ntr4qBM7f', 'verified': 0, 'share': 10}]",800,4EFjAeVZ2npfK5645Vw6HqTpZDu896dk5UobLowC7coz,"[{'trait_type': 'Type', 'value': 'Zilla'}, {'trait_type': 'Background', 'value': 'Ruined city'}, {'trait_type': 'Skins', 'value': 'Alpha'}, {'trait_type': 'Neck', 'value': 'Tie'}, {'trait_type': 'Mouth', 'value': 'Blunt'}, {'trait_type': 'Head', 'value': 'Monkey'}, {'trait_type': 'Eyes', 'value': 'Visor'}]","{'files': [{'uri': 'https://www.arweave.net/Uldy7Xtj7vu2uaKCe-t7e_kaICP5a69tGH96LlwY3cI?ext=png', 'type': 'image/png'}], 'category': 'image', 'creators': [{'address': '53bWYjZVEAh4Auz2MM5KoNCNyjJY8zMC69Haucbn8e2P', 'share': 15}, {'address': '3XMEQojzo5EdzLbyzk6EFgVrAPvnjg1xBMki8gW4Tt9r', 'share': 65}, {'address': 'CB4iaoagb9EYh88gcaRyHe9oE1V8dCL4PqRMM79zQgaC', 'share': 10}, {'address': 'GGhxzApavqdL1o5Uwijmhd7KEo4hgGXMGu2ntr4qBM7f', 'share': 10}]}",1,Gy82oV7DHCZMUNLkdiAusyTrijnLa2FDK7ryaXmXqjAE,1,{},False,"{'auctionHouseKey': 'E8cU1WiRWjanGxmn96ewBgk9vPTcL6AEZ1t6F6fkgUWe', 'sellerReferral': 'autMW8SgBkVYeBgqYiTuJZnkvDZMVU2MHJh9Jh7CSQ2', 'expiry': -1}",{'moonrank': {'rank': 15}}
44,efywDe6FJVVSAry3kTkThQaX9oi6mTZcvUB6K6aA5zA,25.0,7hUuh5dXtpcyjS5Npzn8zyKRTK7ui5tLHfLBXhRpKSS1,7MJaDFSLsP3uHeT5Noa39dJY115GnFeKCyVRE7izLFCJ,zilla_vs_kong,Zilla vs Kong,https://www.arweave.net/iRMWzPuWqyU0pO47N0lKG-ZfRNENxp8PNH_yBXeBP0E?ext=png,Zilla Vs Kong #846,888 Zillas vs Kongz battling ferociously on the Solana metaverse,https://www.zillavskong.online,image,"[{'address': '669hFBSmaSYfE4CEsXF9Ji9gYenDHzRP32GmtofHQK2W', 'verified': 1, 'share': 0}, {'address': '53bWYjZVEAh4Auz2MM5KoNCNyjJY8zMC69Haucbn8e2P', 'verified': 0, 'share': 15}, {'address': '3XMEQojzo5EdzLbyzk6EFgVrAPvnjg1xBMki8gW4Tt9r', 'verified': 0, 'share': 65}, {'address': 'CB4iaoagb9EYh88gcaRyHe9oE1V8dCL4PqRMM79zQgaC', 'verified': 0, 'share': 10}, {'address': 'GGhxzApavqdL1o5Uwijmhd7KEo4hgGXMGu2ntr4qBM7f', 'verified': 0, 'share': 10}]",800,H6bDPiBU1xUvS47rfhbJjnHr8rBCk5H7pfQjDKB2Cr9j,"[{'trait_type': 'Type', 'value': 'Kong'}, {'trait_type': 'Background', 'value': 'Snowy mountains'}, {'trait_type': 'Skins', 'value': 'Rusted'}, {'trait_type': 'Neck', 'value': 'none'}, {'trait_type': 'Mouth', 'value': 'Laser'}, {'trait_type': 'Head', 'value': 'Pirate hat'}, {'trait_type': 'Eyes', 'value': 'Techno'}]","{'files': [{'uri': 'https://www.arweave.net/iRMWzPuWqyU0pO47N0lKG-ZfRNENxp8PNH_yBXeBP0E?ext=png', 'type': 'image/png'}], 'category': 'image', 'creators': [{'address': '53bWYjZVEAh4Auz2MM5KoNCNyjJY8zMC69Haucbn8e2P', 'share': 15}, {'address': '3XMEQojzo5EdzLbyzk6EFgVrAPvnjg1xBMki8gW4Tt9r', 'share': 65}, {'address': 'CB4iaoagb9EYh88gcaRyHe9oE1V8dCL4PqRMM79zQgaC', 'share': 10}, {'address': 'GGhxzApavqdL1o5Uwijmhd7KEo4hgGXMGu2ntr4qBM7f', 'share': 10}]}",1,Gy82oV7DHCZMUNLkdiAusyTrijnLa2FDK7ryaXmXqjAE,1,{},False,"{'auctionHouseKey': 'E8cU1WiRWjanGxmn96ewBgk9vPTcL6AEZ1t6F6fkgUWe', 'sellerReferral': 'autMW8SgBkVYeBgqYiTuJZnkvDZMVU2MHJh9Jh7CSQ2', 'expiry': -1}",{'moonrank': {'rank': 61}}
45,pb13pQytn2TzudDvxHDV1V5vLCqomDucmprsyu9yoUT,27.0,CYAm2UN5FjePN6K4qYboVY4MDC6zTtKqvztxkcMXz9fo,FmQ61e84q68wRy2bFDbHtEszMRWnzN33Ntake1K6wqA8,zilla_vs_kong,Zilla vs Kong,https://www.arweave.net/OIH4Kf04x1ycpzcQKCF5cTwvHVWvGkcayX-td5X0svg?ext=png,Zilla Vs Kong #548,888 Zillas vs Kongz battling ferociously on the Solana metaverse,https://www.zillavskong.online,image,"[{'address': '669hFBSmaSYfE4CEsXF9Ji9gYenDHzRP32GmtofHQK2W', 'verified': 1, 'share': 0}, {'address': '53bWYjZVEAh4Auz2MM5KoNCNyjJY8zMC69Haucbn8e2P', 'verified': 0, 'share': 15}, {'address': '3XMEQojzo5EdzLbyzk6EFgVrAPvnjg1xBMki8gW4Tt9r', 'verified': 0, 'share': 65}, {'address': 'CB4iaoagb9EYh88gcaRyHe9oE1V8dCL4PqRMM79zQgaC', 'verified': 0, 'share': 10}, {'address': 'GGhxzApavqdL1o5Uwijmhd7KEo4hgGXMGu2ntr4qBM7f', 'verified': 0, 'share': 10}]",800,49jDWh7Gwg8FV1FBPZZboG9RSJYbd4eFYjQ2ZTmYtfAE,"[{'trait_type': 'Type', 'value': 'Kong'}, {'trait_type': 'Background', 'value': 'Beach'}, {'trait_type': 'Skins', 'value': 'Winter'}, {'trait_type': 'Neck', 'value': 'none'}, {'trait_type': 'Mouth', 'value': 'none'}, {'trait_type': 'Head', 'value': 'Pug'}, {'trait_type': 'Eyes', 'value': 'Fire'}]","{'files': [{'uri': 'https://www.arweave.net/OIH4Kf04x1ycpzcQKCF5cTwvHVWvGkcayX-td5X0svg?ext=png', 'type': 'image/png'}], 'category': 'image', 'creators': [{'address': '53bWYjZVEAh4Auz2MM5KoNCNyjJY8zMC69Haucbn8e2P', 'share': 15}, {'address': '3XMEQojzo5EdzLbyzk6EFgVrAPvnjg1xBMki8gW4Tt9r', 'share': 65}, {'address': 'CB4iaoagb9EYh88gcaRyHe9oE1V8dCL4PqRMM79zQgaC', 'share': 10}, {'address': 'GGhxzApavqdL1o5Uwijmhd7KEo4hgGXMGu2ntr4qBM7f', 'share': 10}]}",1,Gy82oV7DHCZMUNLkdiAusyTrijnLa2FDK7ryaXmXqjAE,1,{},False,"{'auctionHouseKey': 'E8cU1WiRWjanGxmn96ewBgk9vPTcL6AEZ1t6F6fkgUWe', 'sellerReferral': 'autMW8SgBkVYeBgqYiTuJZnkvDZMVU2MHJh9Jh7CSQ2', 'expiry': -1}",{'moonrank': {'rank': 222}}
46,7ENtF43YbVwaoXBE8UQvqmU1hvq8UL1ZG2zN3M6RqayN,30.0,HEBthqMzPfS6vqcadxgePeDQXR9k5hB37QHpGDUKqu1T,Fb91U5QEiaicj1Rn56drPrE5xj4LiVE5eu5UoS58wH6d,zilla_vs_kong,Zilla vs Kong,https://www.arweave.net/8rF2j7jurgHgTABWk6lNvNxwrMFiTcC7EWYqwlnibyo?ext=png,Zilla Vs Kong #804,888 Zillas vs Kongz battling ferociously on the Solana metaverse,https://www.zillavskong.online,image,"[{'address': '669hFBSmaSYfE4CEsXF9Ji9gYenDHzRP32GmtofHQK2W', 'verified': 1, 'share': 0}, {'address': '53bWYjZVEAh4Auz2MM5KoNCNyjJY8zMC69Haucbn8e2P', 'verified': 0, 'share': 15}, {'address': '3XMEQojzo5EdzLbyzk6EFgVrAPvnjg1xBMki8gW4Tt9r', 'verified': 0, 'share': 65}, {'address': 'CB4iaoagb9EYh88gcaRyHe9oE1V8dCL4PqRMM79zQgaC', 'verified': 0, 'share': 10}, {'address': 'GGhxzApavqdL1o5Uwijmhd7KEo4hgGXMGu2ntr4qBM7f', 'verified': 0, 'share': 10}]",800,FowUxarVUi2zZhCWyoDh2mM6RspVgp8kFhBWQzkzQ1L6,"[{'trait_type': 'Type', 'value': 'Kong'}, {'trait_type': 'Background', 'value': 'Cabin'}, {'trait_type': 'Skins', 'value': 'Gold'}, {'trait_type': 'Neck', 'value': 'none'}, {'trait_type': 'Mouth', 'value': 'Fire'}, {'trait_type': 'Head', 'value': 'Baby tiger'}, {'trait_type': 'Eyes', 'value': 'none'}]","{'files': [{'uri': 'https://www.arweave.net/8rF2j7jurgHgTABWk6lNvNxwrMFiTcC7EWYqwlnibyo?ext=png', 'type': 'image/png'}], 'category': 'image', 'creators': [{'address': '53bWYjZVEAh4Auz2MM5KoNCNyjJY8zMC69Haucbn8e2P', 'share': 15}, {'address': '3XMEQojzo5EdzLbyzk6EFgVrAPvnjg1xBMki8gW4Tt9r', 'share': 65}, {'address': 'CB4iaoagb9EYh88gcaRyHe9oE1V8dCL4PqRMM79zQgaC', 'share': 10}, {'address': 'GGhxzApavqdL1o5Uwijmhd7KEo4hgGXMGu2ntr4qBM7f', 'share': 10}]}",1,Gy82oV7DHCZMUNLkdiAusyTrijnLa2FDK7ryaXmXqjAE,1,{},False,"{'auctionHouseKey': 'E8cU1WiRWjanGxmn96ewBgk9vPTcL6AEZ1t6F6fkgUWe', 'sellerReferral': 'autMW8SgBkVYeBgqYiTuJZnkvDZMVU2MHJh9Jh7CSQ2', 'expiry': -1}",
47,62ZRTTb1qoujsqZ8p4g3384JFKKmmXM1Rr5dsG8BxrgW,150.0,4YHq8HDDGtEDYwSv3AqgXqr1DaJkMVhcdcHTxb1MN2CY,6rCTSXVnMeYAHhskm7tEjMfwH5BQHxQa8xcpygc6ogiz,zilla_vs_kong,Zilla vs Kong,https://www.arweave.net/iNuYrUkDQ866RmFD1YOYOJ4rEHLZ_-cBe09lGkdSUCo?ext=png,Zilla Vs Kong #554,888 Zillas vs Kongz battling ferociously on the Solana metaverse,https://www.zillavskong.online,image,"[{'address': '669hFBSmaSYfE4CEsXF9Ji9gYenDHzRP32GmtofHQK2W', 'verified': 1, 'share': 0}, {'address': '53bWYjZVEAh4Auz2MM5KoNCNyjJY8zMC69Haucbn8e2P', 'verified': 0, 'share': 15}, {'address': '3XMEQojzo5EdzLbyzk6EFgVrAPvnjg1xBMki8gW4Tt9r', 'verified': 0, 'share': 65}, {'address': 'CB4iaoagb9EYh88gcaRyHe9oE1V8dCL4PqRMM79zQgaC', 'verified': 0, 'share': 10}, {'address': 'GGhxzApavqdL1o5Uwijmhd7KEo4hgGXMGu2ntr4qBM7f', 'verified': 0, 'share': 10}]",800,7HuYjrd9SfQLQGiPgt6JweQhB9nz6FaaCjWitv1Tbmoq,"[{'trait_type': 'Type', 'value': 'Kong'}, {'trait_type': 'Background', 'value': 'Beach'}, {'trait_type': 'Skins', 'value': 'Rainbow'}, {'trait_type': 'Neck', 'value': 'Beads'}, {'trait_type': 'Mouth', 'value': 'Laser'}, {'trait_type': 'Head', 'value': 'Pirate hat'}, {'trait_type': 'Eyes', 'value': 'Shades'}]","{'files': [{'uri': 'https://www.arweave.net/iNuYrUkDQ866RmFD1YOYOJ4rEHLZ_-cBe09lGkdSUCo?ext=png', 'type': 'image/png'}], 'category': 'image', 'creators': [{'address': '53bWYjZVEAh4Auz2MM5KoNCNyjJY8zMC69Haucbn8e2P', 'share': 15}, {'address': '3XMEQojzo5EdzLbyzk6EFgVrAPvnjg1xBMki8gW4Tt9r', 'share': 65}, {'address': 'CB4iaoagb9EYh88gcaRyHe9oE1V8dCL4PqRMM79zQgaC', 'share': 10}, {'address': 'GGhxzApavqdL1o5Uwijmhd7KEo4hgGXMGu2ntr4qBM7f', 'share': 10}]}",1,Gy82oV7DHCZMUNLkdiAusyTrijnLa2FDK7ryaXmXqjAE,1,{},False,"{'auctionHouseKey': 'E8cU1WiRWjanGxmn96ewBgk9vPTcL6AEZ1t6F6fkgUWe', 'sellerReferral': 'autMW8SgBkVYeBgqYiTuJZnkvDZMVU2MHJh9Jh7CSQ2', 'expiry': -1}",
48,5mej9VSWzaxss9UwZc6eeW6sRtSdjKdFrJhb9v77pG14,175.0,2m2xqsRXiGCJ8M6NK3Gs4uZxLWmqpQaKAy8ZPQAyKsQ5,Ec2Y7Dd7YBzoLd1QTFjT6gnq1SEcBSyEHJw5XKjc2qfF,zilla_vs_kong,Zilla vs Kong,https://www.arweave.net/TFw8bQrhFjicHScTvKNp9oVNeupa3WcGyyL0zVIYZZQ?ext=png,Zilla Vs Kong #100,888 Zillas vs Kongz battling ferociously on the Solana metaverse,https://www.zillavskong.online,image,"[{'address': '669hFBSmaSYfE4CEsXF9Ji9gYenDHzRP32GmtofHQK2W', 'verified': 1, 'share': 0}, {'address': '53bWYjZVEAh4Auz2MM5KoNCNyjJY8zMC69Haucbn8e2P', 'verified': 0, 'share': 15}, {'address': '3XMEQojzo5EdzLbyzk6EFgVrAPvnjg1xBMki8gW4Tt9r', 'verified': 0, 'share': 65}, {'address': 'CB4iaoagb9EYh88gcaRyHe9oE1V8dCL4PqRMM79zQgaC', 'verified': 0, 'share': 10}, {'address': 'GGhxzApavqdL1o5Uwijmhd7KEo4hgGXMGu2ntr4qBM7f', 'verified': 0, 'share': 10}]",800,FCfC1NAS9Mz1Pneiw3yn7VbvKszcmvsjuhJ5iEiTaSBT,"[{'trait_type': 'Type', 'value': 'Kong'}, {'trait_type': 'Background', 'value': 'Beach'}, {'trait_type': 'Skins', 'value': 'Rainbow'}, {'trait_type': 'Neck', 'value': 'Prisonor leash'}, {'trait_type': 'Mouth', 'value': 'Cigarrette'}, {'trait_type': 'Head', 'value': 'Halo'}, {'trait_type': 'Eyes', 'value': 'Monicle'}]","{'files': [{'uri': 'https://www.arweave.net/TFw8bQrhFjicHScTvKNp9oVNeupa3WcGyyL0zVIYZZQ?ext=png', 'type': 'image/png'}], 'category': 'image', 'creators': [{'address': '53bWYjZVEAh4Auz2MM5KoNCNyjJY8zMC69Haucbn8e2P', 'share': 15}, {'address': '3XMEQojzo5EdzLbyzk6EFgVrAPvnjg1xBMki8gW4Tt9r', 'share': 65}, {'address': 'CB4iaoagb9EYh88gcaRyHe9oE1V8dCL4PqRMM79zQgaC', 'share': 10}, {'address': 'GGhxzApavqdL1o5Uwijmhd7KEo4hgGXMGu2ntr4qBM7f', 'share': 10}]}",1,Gy82oV7DHCZMUNLkdiAusyTrijnLa2FDK7ryaXmXqjAE,1,{},False,"{'auctionHouseKey': 'E8cU1WiRWjanGxmn96ewBgk9vPTcL6AEZ1t6F6fkgUWe', 'sellerReferral': 'autMW8SgBkVYeBgqYiTuJZnkvDZMVU2MHJh9Jh7CSQ2', 'expiry': -1}",{'moonrank': {'rank': 4}}
